dtype,err,gf_1024x768x1024,gf_256x256x256,gf_512x512x512,hoist_b,kc,mc,mr,name,nc,nr,prefetch,score,t
f64,8.323381450551553e-16,7.65,8.19,7.85,0,0,0,1,dotnt_f64_mr1_nr1_kc0_nc64_mc0_h0_pf0,64,1,0,7.89400051892747,1.7
f64,8.323381450551553e-16,8.2,10.22,8.23,1,0,0,1,dotnt_f64_mr1_nr1_kc0_nc64_mc0_h1_pf0,64,1,0,8.835311368828576,3.3
f64,8.323381450551553e-16,13.49,15.06,12.22,0,0,0,1,dotnt_f64_mr1_nr2_kc0_nc64_mc0_h0_pf0,64,2,0,13.539956117318596,4.6
f64,8.323381450551553e-16,13.26,15.21,12.06,1,0,0,1,dotnt_f64_mr1_nr2_kc0_nc64_mc0_h1_pf0,64,2,0,13.447035349476591,5.8
f64,8.323381450551553e-16,15.19,15.75,12.42,0,0,0,1,dotnt_f64_mr1_nr3_kc0_nc64_mc0_h0_pf0,64,3,0,14.377592131400169,7.0
f64,8.323381450551553e-16,15.24,15.75,12.37,1,0,0,1,dotnt_f64_mr1_nr3_kc0_nc64_mc0_h1_pf0,64,3,0,14.376053125121297,8.1
f64,8.323381450551553e-16,18.43,19.76,14.58,0,0,0,1,dotnt_f64_mr1_nr4_kc0_nc64_mc0_h0_pf0,64,4,0,17.447886857343402,9.2
f64,8.323381450551553e-16,18.29,19.23,14.2,1,0,0,1,dotnt_f64_mr1_nr4_kc0_nc64_mc0_h1_pf0,64,4,0,17.09318932770725,10.3
f64,8.323381450551553e-16,15.9,17.73,14.04,0,0,0,1,dotnt_f64_mr1_nr5_kc0_nc64_mc0_h0_pf0,64,5,0,15.81848981986765,11.4
f64,8.323381450551553e-16,15.86,17.69,14.26,1,0,0,1,dotnt_f64_mr1_nr5_kc0_nc64_mc0_h1_pf0,64,5,0,15.874096767266062,12.5
f64,8.323381450551553e-16,15.48,17.02,14.2,0,0,0,1,dotnt_f64_mr1_nr6_kc0_nc64_mc0_h0_pf0,64,6,0,15.524129911209917,13.7
f64,8.323381450551553e-16,15.48,16.98,14.04,1,0,0,1,dotnt_f64_mr1_nr6_kc0_nc64_mc0_h1_pf0,64,6,0,15.45608924788565,14.9
f64,8.323381450551553e-16,13.0,14.41,13.18,0,0,0,2,dotnt_f64_mr2_nr1_kc0_nc64_mc0_h0_pf0,64,1,0,13.513998036975293,16.1
f64,8.323381450551553e-16,13.18,14.95,13.19,1,0,0,2,dotnt_f64_mr2_nr1_kc0_nc64_mc0_h1_pf0,64,1,0,13.750569102005764,17.3
f64,8.323381450551553e-16,15.81,16.12,15.49,0,0,0,2,dotnt_f64_mr2_nr2_kc0_nc64_mc0_h0_pf0,64,2,0,15.807453610501904,18.5
f64,8.323381450551553e-16,21.24,22.2,16.97,1,0,0,2,dotnt_f64_mr2_nr2_kc0_nc64_mc0_h1_pf0,64,2,0,20.002772177654403,19.5
f64,8.323381450551553e-16,20.18,20.8,18.03,0,0,0,2,dotnt_f64_mr2_nr3_kc0_nc64_mc0_h0_pf0,64,3,0,19.633665687802385,20.5
f64,8.323381450551553e-16,20.05,18.73,18.2,1,0,0,2,dotnt_f64_mr2_nr3_kc0_nc64_mc0_h1_pf0,64,3,0,18.977164402095,21.6
f64,8.323381450551553e-16,26.37,27.83,21.68,0,0,0,2,dotnt_f64_mr2_nr4_kc0_nc64_mc0_h0_pf0,64,4,0,25.150407970607137,22.5
f64,8.323381450551553e-16,26.07,27.83,20.33,1,0,0,2,dotnt_f64_mr2_nr4_kc0_nc64_mc0_h1_pf0,64,4,0,24.526623665077683,23.5
f64,8.323381450551553e-16,18.03,19.48,23.94,0,0,0,2,dotnt_f64_mr2_nr5_kc0_nc64_mc0_h0_pf0,64,5,0,20.3344004896355,24.6
f64,8.323381450551553e-16,17.83,19.43,23.9,0,0,0,2,dotnt_f64_mr2_nr6_kc0_nc64_mc0_h0_pf0,64,6,0,20.233065685764508,25.7
f64,8.323381450551553e-16,18.31,18.67,19.45,0,0,0,3,dotnt_f64_mr3_nr1_kc0_nc64_mc0_h0_pf0,64,1,0,18.80180441482589,26.7
f64,8.323381450551553e-16,18.47,18.73,19.17,1,0,0,3,dotnt_f64_mr3_nr1_kc0_nc64_mc0_h1_pf0,64,1,0,18.786498720080527,27.8
f64,8.323381450551553e-16,23.96,23.71,22.3,0,0,0,3,dotnt_f64_mr3_nr2_kc0_nc64_mc0_h0_pf0,64,2,0,23.314427169117653,28.7
f64,8.323381450551553e-16,24.99,25.4,22.91,1,0,0,3,dotnt_f64_mr3_nr2_kc0_nc64_mc0_h1_pf0,64,2,0,24.404176307963365,29.7
f64,8.323381450551553e-16,27.94,28.93,31.83,0,0,0,3,dotnt_f64_mr3_nr3_kc0_nc64_mc0_h0_pf0,64,3,0,29.520880399078592,30.6
f64,8.323381450551553e-16,27.38,28.69,31.72,1,0,0,3,dotnt_f64_mr3_nr3_kc0_nc64_mc0_h1_pf0,64,3,0,29.20613926680113,31.5
f64,8.323381450551553e-16,33.39,35.04,38.68,0,0,0,3,dotnt_f64_mr3_nr4_kc0_nc64_mc0_h0_pf0,64,4,0,35.632996880138194,32.4
f64,8.323381450551553e-16,23.45,24.56,23.5,0,0,0,4,dotnt_f64_mr4_nr1_kc0_nc64_mc0_h0_pf0,64,1,0,23.829320872226432,33.3
f64,8.323381450551553e-16,23.71,24.51,23.55,1,0,0,4,dotnt_f64_mr4_nr1_kc0_nc64_mc0_h1_pf0,64,1,0,23.92029891209865,34.2
f64,8.323381450551553e-16,28.53,27.71,24.94,0,0,0,4,dotnt_f64_mr4_nr2_kc0_nc64_mc0_h0_pf0,64,2,0,27.016210546205752,35.1
f64,8.323381450551553e-16,29.25,25.57,25.02,1,0,0,4,dotnt_f64_mr4_nr2_kc0_nc64_mc0_h1_pf0,64,2,0,26.549572542379803,36.1
f64,8.323381450551553e-16,25.82,23.57,24.56,0,0,0,5,dotnt_f64_mr5_nr1_kc0_nc64_mc0_h0_pf0,64,1,0,24.636255944368244,37.0
f64,8.323381450551553e-16,26.26,24.8,24.65,1,0,0,5,dotnt_f64_mr5_nr1_kc0_nc64_mc0_h1_pf0,64,1,0,25.22647707148691,37.9
f64,8.323381450551553e-16,28.75,27.97,24.2,0,0,0,5,dotnt_f64_mr5_nr2_kc0_nc64_mc0_h0_pf0,64,2,0,26.89535509489163,38.8
f64,8.323381450551553e-16,29.35,27.81,24.66,0,0,0,6,dotnt_f64_mr6_nr1_kc0_nc64_mc0_h0_pf0,64,1,0,27.205160371450567,39.7
f64,8.323381450551553e-16,29.99,28.06,24.51,1,0,0,6,dotnt_f64_mr6_nr1_kc0_nc64_mc0_h1_pf0,64,1,0,27.422909421888097,40.5
f64,8.323381450551553e-16,23.16,35.8,22.49,0,0,0,3,dotnt_f64_mr3_nr4_kc0_nc0_mc0_h0_pf0,0,4,0,26.519592779244284,41.5
f64,8.323381450551553e-16,22.21,32.96,22.8,0,0,64,3,dotnt_f64_mr3_nr4_kc0_nc0_mc64_h0_pf0,0,4,0,25.554557711942163,42.6
f64,8.323381450551553e-16,22.75,35.48,23.09,0,0,128,3,dotnt_f64_mr3_nr4_kc0_nc0_mc128_h0_pf0,0,4,0,26.51510121059178,43.6
f64,8.323381450551553e-16,23.2,35.52,23.07,0,0,256,3,dotnt_f64_mr3_nr4_kc0_nc0_mc256_h0_pf0,0,4,0,26.69103822974888,44.6
f64,8.323381450551553e-16,35.7,35.41,37.4,0,0,0,3,dotnt_f64_mr3_nr4_kc0_nc32_mc0_h0_pf0,32,4,0,36.16330729727712,45.4
f64,8.323381450551553e-16,32.5,34.16,34.29,0,0,64,3,dotnt_f64_mr3_nr4_kc0_nc32_mc64_h0_pf0,32,4,0,33.64057721357587,46.3
f64,8.323381450551553e-16,34.12,35.57,37.5,0,0,128,3,dotnt_f64_mr3_nr4_kc0_nc32_mc128_h0_pf0,32,4,0,35.699851230689205,47.2
f64,8.323381450551553e-16,36.5,38.96,34.49,0,0,256,3,dotnt_f64_mr3_nr4_kc0_nc32_mc256_h0_pf0,32,4,0,36.60350029749583,48.0
f64,8.323381450551553e-16,35.06,36.83,32.9,0,0,64,3,dotnt_f64_mr3_nr4_kc0_nc64_mc64_h0_pf0,64,4,0,34.89292497805369,48.9
f64,8.323381450551553e-16,37.35,38.4,34.92,0,0,128,3,dotnt_f64_mr3_nr4_kc0_nc64_mc128_h0_pf0,64,4,0,36.86101061099004,49.7
f64,8.323381450551553e-16,38.32,37.65,35.12,0,0,256,3,dotnt_f64_mr3_nr4_kc0_nc64_mc256_h0_pf0,64,4,0,37.00241670718765,50.6
f64,8.323381450551553e-16,40.17,39.54,35.59,0,0,0,3,dotnt_f64_mr3_nr4_kc0_nc128_mc0_h0_pf0,128,4,0,38.3784487916399,51.4
f64,8.323381450551553e-16,35.52,36.81,32.7,0,0,64,3,dotnt_f64_mr3_nr4_kc0_nc128_mc64_h0_pf0,128,4,0,34.96690886632108,52.3
f64,8.323381450551553e-16,37.47,38.64,35.09,0,0,128,3,dotnt_f64_mr3_nr4_kc0_nc128_mc128_h0_pf0,128,4,0,37.034131614441534,53.1
f64,8.323381450551553e-16,34.8,35.04,39.98,0,0,256,3,dotnt_f64_mr3_nr4_kc0_nc128_mc256_h0_pf0,128,4,0,36.5343444013474,54.0
f64,8.323381450551553e-16,24.53,26.75,29.74,0,0,0,3,dotnt_f64_mr3_nr4_kc0_nc256_mc0_h0_pf0,256,4,0,26.922271277517538,55.0
f64,8.323381450551553e-16,24.74,33.99,34.52,0,0,64,3,dotnt_f64_mr3_nr4_kc0_nc256_mc64_h0_pf0,256,4,0,30.73277981485876,56.0
f64,8.323381450551553e-16,23.9,35.21,35.65,0,0,128,3,dotnt_f64_mr3_nr4_kc0_nc256_mc128_h0_pf0,256,4,0,31.073508996229812,57.0
f64,8.323381450551553e-16,24.63,36.06,36.02,0,0,256,3,dotnt_f64_mr3_nr4_kc0_nc256_mc256_h0_pf0,256,4,0,31.742706772031788,57.9
f64,8.323381450551553e-16,21.5,35.82,24.3,0,0,0,3,dotnt_f64_mr3_nr4_kc0_nc512_mc0_h0_pf0,512,4,0,26.55073072694205,58.9
f64,8.323381450551553e-16,21.82,33.65,20.9,0,0,64,3,dotnt_f64_mr3_nr4_kc0_nc512_mc64_h0_pf0,512,4,0,24.848220743962866,60.0
f64,8.323381450551553e-16,22.29,35.32,22.58,0,0,128,3,dotnt_f64_mr3_nr4_kc0_nc512_mc128_h0_pf0,512,4,0,26.098383066303562,61.0
f64,8.323381450551553e-16,22.38,37.98,21.3,0,0,256,3,dotnt_f64_mr3_nr4_kc0_nc512_mc256_h0_pf0,512,4,0,26.2597579941466,62.1
f64,8.323381450551553e-16,22.21,21.67,18.23,0,0,0,3,dotnt_f64_mr3_nr3_kc0_nc0_mc0_h0_pf0,0,3,0,20.623566759219415,63.1
f64,8.323381450551553e-16,20.32,32.82,19.25,0,0,64,3,dotnt_f64_mr3_nr3_kc0_nc0_mc64_h0_pf0,0,3,0,23.415021644623746,64.1
f64,8.323381450551553e-16,21.12,32.76,19.71,0,0,128,3,dotnt_f64_mr3_nr3_kc0_nc0_mc128_h0_pf0,0,3,0,23.891441479992775,65.1
f64,8.323381450551553e-16,21.28,35.09,20.27,0,0,256,3,dotnt_f64_mr3_nr3_kc0_nc0_mc256_h0_pf0,0,3,0,24.737408073555848,66.2
f64,8.323381450551553e-16,27.43,27.66,24.35,0,0,0,3,dotnt_f64_mr3_nr3_kc0_nc32_mc0_h0_pf0,32,3,0,26.435771788445642,67.1
f64,8.323381450551553e-16,24.28,25.89,26.56,0,0,64,3,dotnt_f64_mr3_nr3_kc0_nc32_mc64_h0_pf0,32,3,0,25.557561296933542,68.1
f64,8.323381450551553e-16,24.15,26.65,28.28,0,0,128,3,dotnt_f64_mr3_nr3_kc0_nc32_mc128_h0_pf0,32,3,0,26.303130682930888,69.0
f64,8.323381450551553e-16,24.03,27.2,27.58,0,0,256,3,dotnt_f64_mr3_nr3_kc0_nc32_mc256_h0_pf0,32,3,0,26.21934815461798,70.0
f64,8.323381450551553e-16,27.43,27.68,29.68,0,0,64,3,dotnt_f64_mr3_nr3_kc0_nc64_mc64_h0_pf0,64,3,0,28.243332626165355,70.9
f64,8.323381450551553e-16,27.63,27.54,31.25,0,0,128,3,dotnt_f64_mr3_nr3_kc0_nc64_mc128_h0_pf0,64,3,0,28.756316717117006,71.9
f64,8.323381450551553e-16,28.18,28.92,32.26,0,0,256,3,dotnt_f64_mr3_nr3_kc0_nc64_mc256_h0_pf0,64,3,0,29.730999109294082,72.8
f64,8.323381450551553e-16,31.32,29.53,34.76,0,0,0,3,dotnt_f64_mr3_nr3_kc0_nc128_mc0_h0_pf0,128,3,0,31.795794432741378,73.6
f64,8.323381450551553e-16,29.03,29.67,32.61,0,0,64,3,dotnt_f64_mr3_nr3_kc0_nc128_mc64_h0_pf0,128,3,0,30.397550417199433,74.6
f64,8.323381450551553e-16,30.6,30.55,28.92,0,0,128,3,dotnt_f64_mr3_nr3_kc0_nc128_mc128_h0_pf0,128,3,0,30.013046568662354,75.5
f64,8.323381450551553e-16,30.41,31.07,35.43,0,0,256,3,dotnt_f64_mr3_nr3_kc0_nc128_mc256_h0_pf0,128,3,0,32.230038787962194,76.3
f64,8.323381450551553e-16,25.04,35.65,28.78,0,0,0,3,dotnt_f64_mr3_nr3_kc0_nc256_mc0_h0_pf0,256,3,0,29.50463416352739,77.3
f64,8.323381450551553e-16,22.88,33.86,26.93,0,0,64,3,dotnt_f64_mr3_nr3_kc0_nc256_mc64_h0_pf0,256,3,0,27.530433866780665,78.2
f64,8.323381450551553e-16,23.93,35.13,29.05,0,0,128,3,dotnt_f64_mr3_nr3_kc0_nc256_mc128_h0_pf0,256,3,0,29.013507205262822,79.2
f64,8.323381450551553e-16,24.68,35.87,28.46,0,0,256,3,dotnt_f64_mr3_nr3_kc0_nc256_mc256_h0_pf0,256,3,0,29.31646535054249,80.2
f64,8.323381450551553e-16,22.75,35.62,21.75,0,0,0,3,dotnt_f64_mr3_nr3_kc0_nc512_mc0_h0_pf0,512,3,0,26.025948322163654,81.2
f64,8.323381450551553e-16,20.61,29.83,20.24,0,0,64,3,dotnt_f64_mr3_nr3_kc0_nc512_mc64_h0_pf0,512,3,0,23.17120474208761,82.2
f64,8.323381450551553e-16,21.59,31.61,22.17,0,0,128,3,dotnt_f64_mr3_nr3_kc0_nc512_mc128_h0_pf0,512,3,0,24.73373886513636,83.2
f64,8.323381450551553e-16,21.1,31.54,21.56,0,0,256,3,dotnt_f64_mr3_nr3_kc0_nc512_mc256_h0_pf0,512,3,0,24.29834275695145,84.2
f64,8.323381450551553e-16,22.0,24.17,22.79,1,0,0,3,dotnt_f64_mr3_nr3_kc0_nc0_mc0_h1_pf0,0,3,0,22.967949535825028,85.2
f64,8.323381450551553e-16,18.82,28.59,18.82,1,0,64,3,dotnt_f64_mr3_nr3_kc0_nc0_mc64_h1_pf0,0,3,0,21.632683177796693,86.3
f64,8.323381450551553e-16,19.68,30.7,21.7,1,0,128,3,dotnt_f64_mr3_nr3_kc0_nc0_mc128_h1_pf0,0,3,0,23.57717153973908,87.3
f64,8.323381450551553e-16,19.95,30.5,19.48,1,0,256,3,dotnt_f64_mr3_nr3_kc0_nc0_mc256_h1_pf0,0,3,0,22.801197131579936,88.4
f64,8.323381450551553e-16,24.79,26.12,28.62,1,0,0,3,dotnt_f64_mr3_nr3_kc0_nc32_mc0_h1_pf0,32,3,0,26.461954671558654,89.4
f64,8.323381450551553e-16,23.63,25.27,27.1,1,0,64,3,dotnt_f64_mr3_nr3_kc0_nc32_mc64_h1_pf0,32,3,0,25.293941628143955,90.4
f64,8.323381450551553e-16,24.54,26.29,28.67,1,0,128,3,dotnt_f64_mr3_nr3_kc0_nc32_mc128_h1_pf0,32,3,0,26.444974603264466,91.4
f64,8.323381450551553e-16,23.94,25.05,28.59,1,0,256,3,dotnt_f64_mr3_nr3_kc0_nc32_mc256_h1_pf0,32,3,0,25.789963717891332,92.4
f64,8.323381450551553e-16,26.35,27.72,30.17,1,0,64,3,dotnt_f64_mr3_nr3_kc0_nc64_mc64_h1_pf0,64,3,0,28.035890467030434,93.3
f64,8.323381450551553e-16,26.86,28.41,31.42,1,0,128,3,dotnt_f64_mr3_nr3_kc0_nc64_mc128_h1_pf0,64,3,0,28.833927607756888,94.2
f64,8.323381450551553e-16,27.31,26.74,31.82,1,0,256,3,dotnt_f64_mr3_nr3_kc0_nc64_mc256_h1_pf0,64,3,0,28.53747127329045,95.2
f64,8.323381450551553e-16,30.64,29.5,34.55,1,0,0,3,dotnt_f64_mr3_nr3_kc0_nc128_mc0_h1_pf0,128,3,0,31.492683667073194,96.1
f64,8.323381450551553e-16,27.56,29.13,31.46,1,0,64,3,dotnt_f64_mr3_nr3_kc0_nc128_mc64_h1_pf0,128,3,0,29.343209488569652,97.0
f64,8.323381450551553e-16,28.96,29.74,33.77,1,0,128,3,dotnt_f64_mr3_nr3_kc0_nc128_mc128_h1_pf0,128,3,0,30.753750535148598,97.9
f64,8.323381450551553e-16,29.83,30.15,34.01,1,0,256,3,dotnt_f64_mr3_nr3_kc0_nc128_mc256_h1_pf0,128,3,0,31.273834015916115,98.8
f64,8.323381450551553e-16,21.27,27.3,31.01,1,0,0,3,dotnt_f64_mr3_nr3_kc0_nc256_mc0_h1_pf0,256,3,0,26.207771698420448,99.8
f64,8.323381450551553e-16,21.95,29.06,31.31,1,0,64,3,dotnt_f64_mr3_nr3_kc0_nc256_mc64_h1_pf0,256,3,0,27.128830299673393,100.8
f64,8.323381450551553e-16,22.83,30.7,32.83,1,0,128,3,dotnt_f64_mr3_nr3_kc0_nc256_mc128_h1_pf0,256,3,0,28.44227699617912,101.8
f64,8.323381450551553e-16,23.33,31.04,33.25,1,0,256,3,dotnt_f64_mr3_nr3_kc0_nc256_mc256_h1_pf0,256,3,0,28.877054781320062,102.7
f64,8.323381450551553e-16,22.3,30.85,21.05,1,0,0,3,dotnt_f64_mr3_nr3_kc0_nc512_mc0_h1_pf0,512,3,0,24.372793998497123,103.7
f64,8.323381450551553e-16,20.12,29.38,21.02,1,0,64,3,dotnt_f64_mr3_nr3_kc0_nc512_mc64_h1_pf0,512,3,0,23.160078894075543,104.8
f64,8.323381450551553e-16,21.54,30.5,21.8,1,0,128,3,dotnt_f64_mr3_nr3_kc0_nc512_mc128_h1_pf0,512,3,0,24.281850110960665,105.8
f64,8.323381450551553e-16,21.83,31.34,22.18,1,0,256,3,dotnt_f64_mr3_nr3_kc0_nc512_mc256_h1_pf0,512,3,0,24.75686221215801,106.8
f64,8.323381450551553e-16,30.07,27.83,24.85,1,0,0,6,dotnt_f64_mr6_nr1_kc0_nc0_mc0_h1_pf0,0,1,0,27.499554710165167,107.7
f64,8.323381450551553e-16,19.54,20.95,22.19,1,0,64,6,dotnt_f64_mr6_nr1_kc0_nc0_mc64_h1_pf0,0,1,0,20.86382235476179,108.7
f64,8.323381450551553e-16,22.49,22.88,25.31,1,0,128,6,dotnt_f64_mr6_nr1_kc0_nc0_mc128_h1_pf0,0,1,0,23.526744643854773,109.7
f64,8.323381450551553e-16,23.22,23.85,26.57,1,0,256,6,dotnt_f64_mr6_nr1_kc0_nc0_mc256_h1_pf0,0,1,0,24.5063356786097,110.6
f64,8.323381450551553e-16,23.61,22.38,28.73,1,0,0,6,dotnt_f64_mr6_nr1_kc0_nc32_mc0_h1_pf0,32,1,0,24.759496568701802,111.6
f64,8.323381450551553e-16,19.78,21.02,24.9,1,0,64,6,dotnt_f64_mr6_nr1_kc0_nc32_mc64_h1_pf0,32,1,0,21.794948158790724,112.6
f64,8.323381450551553e-16,21.98,22.37,27.58,1,0,128,6,dotnt_f64_mr6_nr1_kc0_nc32_mc128_h1_pf0,32,1,0,23.847248837707458,113.6
f64,8.323381450551553e-16,21.73,22.94,27.71,1,0,256,6,dotnt_f64_mr6_nr1_kc0_nc32_mc256_h1_pf0,32,1,0,23.995106914571128,114.6
f64,8.323381450551553e-16,19.61,21.17,25.73,1,0,64,6,dotnt_f64_mr6_nr1_kc0_nc64_mc64_h1_pf0,64,1,0,22.0254202642632,115.6
f64,8.323381450551553e-16,21.99,22.9,27.92,1,0,128,6,dotnt_f64_mr6_nr1_kc0_nc64_mc128_h1_pf0,64,1,0,24.135463522797878,116.6
f64,8.323381450551553e-16,22.49,23.33,28.27,1,0,256,6,dotnt_f64_mr6_nr1_kc0_nc64_mc256_h1_pf0,64,1,0,24.573890765328247,117.5
f64,8.323381450551553e-16,24.18,24.29,30.22,1,0,0,6,dotnt_f64_mr6_nr1_kc0_nc128_mc0_h1_pf0,128,1,0,26.085204246749946,118.5
f64,8.323381450551553e-16,19.64,21.35,25.05,1,0,64,6,dotnt_f64_mr6_nr1_kc0_nc128_mc64_h1_pf0,128,1,0,21.901393439992173,119.5
f64,8.323381450551553e-16,22.78,20.61,28.35,1,0,128,6,dotnt_f64_mr6_nr1_kc0_nc128_mc128_h1_pf0,128,1,0,23.6973554370024,120.5
f64,8.323381450551553e-16,23.43,23.99,29.6,1,0,256,6,dotnt_f64_mr6_nr1_kc0_nc128_mc256_h1_pf0,128,1,0,25.530624998683198,121.4
f64,8.323381450551553e-16,23.55,22.68,28.16,1,0,0,6,dotnt_f64_mr6_nr1_kc0_nc256_mc0_h1_pf0,256,1,0,24.68445032818812,122.3
f64,8.323381450551553e-16,19.03,20.9,24.54,1,0,64,6,dotnt_f64_mr6_nr1_kc0_nc256_mc64_h1_pf0,256,1,0,21.373331612449395,123.4
f64,8.323381450551553e-16,22.11,21.94,26.62,1,0,128,6,dotnt_f64_mr6_nr1_kc0_nc256_mc128_h1_pf0,256,1,0,23.46140580879044,124.4
f64,8.323381450551553e-16,21.94,22.32,27.06,1,0,256,6,dotnt_f64_mr6_nr1_kc0_nc256_mc256_h1_pf0,256,1,0,23.66513004783567,125.5
f64,8.323381450551553e-16,23.64,25.41,25.76,1,0,0,6,dotnt_f64_mr6_nr1_kc0_nc512_mc0_h1_pf0,512,1,0,24.918483202466717,126.4
f64,8.323381450551553e-16,19.15,21.29,22.35,1,0,64,6,dotnt_f64_mr6_nr1_kc0_nc512_mc64_h1_pf0,512,1,0,20.885240352222237,127.4
f64,8.323381450551553e-16,21.88,23.16,23.88,1,0,128,6,dotnt_f64_mr6_nr1_kc0_nc512_mc128_h1_pf0,512,1,0,22.957661639604577,128.4
f64,8.323381450551553e-16,22.8,24.69,26.4,1,0,256,6,dotnt_f64_mr6_nr1_kc0_nc512_mc256_h1_pf0,512,1,0,24.58312834356317,129.4
f64,8.323381450551553e-16,39.59,39.04,35.24,0,0,0,3,dotnt_f64_mr3_nr4_kc0_nc128_mc0_h0_pf1,128,4,1,37.90371736203585,130.2
f64,8.323381450551553e-16,39.13,36.36,25.84,0,0,0,3,dotnt_f64_mr3_nr4_kc0_nc128_mc0_h0_pf2,128,4,2,33.253682820599956,131.1
f64,8.323381450551553e-16,33.53,34.98,29.55,0,128,0,3,dotnt_f64_mr3_nr4_kc128_nc128_mc0_h0_pf0,128,4,0,32.604148760493686,132.0
f64,8.323381450551553e-16,33.06,34.32,28.82,0,128,0,3,dotnt_f64_mr3_nr4_kc128_nc128_mc0_h0_pf1,128,4,1,31.97592885795732,132.9
f64,8.323381450551553e-16,30.33,31.05,32.86,0,128,0,3,dotnt_f64_mr3_nr4_kc128_nc128_mc0_h0_pf2,128,4,2,31.395869641939086,133.9
f64,8.323381450551553e-16,33.95,35.61,37.83,0,256,0,3,dotnt_f64_mr3_nr4_kc256_nc128_mc0_h0_pf0,128,4,0,35.76172138969745,134.8
f64,8.323381450551553e-16,34.11,35.33,37.28,0,256,0,3,dotnt_f64_mr3_nr4_kc256_nc128_mc0_h0_pf1,128,4,1,35.550042323287784,135.7
f64,8.323381450551553e-16,34.32,35.72,37.64,0,256,0,3,dotnt_f64_mr3_nr4_kc256_nc128_mc0_h0_pf2,128,4,2,35.86631589643392,136.6
f64,8.323381450551553e-16,33.79,34.84,39.25,0,512,0,3,dotnt_f64_mr3_nr4_kc512_nc128_mc0_h0_pf0,128,4,0,35.884008995491406,137.5
f64,8.323381450551553e-16,34.1,35.04,39.91,0,512,0,3,dotnt_f64_mr3_nr4_kc512_nc128_mc0_h0_pf1,128,4,1,36.26090849213758,138.4
f64,8.323381450551553e-16,39.34,38.51,35.52,0,512,0,3,dotnt_f64_mr3_nr4_kc512_nc128_mc0_h0_pf2,128,4,2,37.75145786689975,139.3
f64,8.323381450551553e-16,39.55,38.5,35.64,0,1024,0,3,dotnt_f64_mr3_nr4_kc1024_nc128_mc0_h0_pf0,128,4,0,37.857930330002155,140.1
f64,8.323381450551553e-16,39.26,39.23,35.59,0,1024,0,3,dotnt_f64_mr3_nr4_kc1024_nc128_mc0_h0_pf1,128,4,1,37.988128053048285,141.0
f64,8.323381450551553e-16,39.53,39.2,35.28,0,1024,0,3,dotnt_f64_mr3_nr4_kc1024_nc128_mc0_h0_pf2,128,4,2,37.95521073038363,141.8
f64,8.323381450551553e-16,36.55,39.76,30.4,0,0,128,3,dotnt_f64_mr3_nr4_kc0_nc128_mc128_h0_pf1,128,4,1,35.352119613096576,142.7
f64,8.323381450551553e-16,32.06,34.67,37.8,0,0,128,3,dotnt_f64_mr3_nr4_kc0_nc128_mc128_h0_pf2,128,4,2,34.762980173016736,143.6
f64,8.323381450551553e-16,28.08,30.6,31.18,0,128,128,3,dotnt_f64_mr3_nr4_kc128_nc128_mc128_h0_pf0,128,4,0,29.92212841019107,144.6
f64,8.323381450551553e-16,28.79,31.09,31.55,0,128,128,3,dotnt_f64_mr3_nr4_kc128_nc128_mc128_h0_pf1,128,4,1,30.451613348400695,145.5
f64,8.323381450551553e-16,28.7,30.96,31.78,0,128,128,3,dotnt_f64_mr3_nr4_kc128_nc128_mc128_h0_pf2,128,4,2,30.453687860891673,146.5
f64,8.323381450551553e-16,32.14,34.78,36.12,0,256,128,3,dotnt_f64_mr3_nr4_kc256_nc128_mc128_h0_pf0,128,4,0,34.30698869047092,147.4
f64,8.323381450551553e-16,32.12,34.96,33.6,0,256,128,3,dotnt_f64_mr3_nr4_kc256_nc128_mc128_h0_pf1,128,4,1,33.537789536965505,148.3
f64,8.323381450551553e-16,31.26,22.85,28.92,0,256,128,3,dotnt_f64_mr3_nr4_kc256_nc128_mc128_h0_pf2,128,4,2,27.439640497601673,149.3
f64,8.323381450551553e-16,32.69,34.77,38.91,0,512,128,3,dotnt_f64_mr3_nr4_kc512_nc128_mc128_h0_pf0,128,4,0,35.363047745610864,150.2
f64,8.323381450551553e-16,32.57,35.01,39.33,0,512,128,3,dotnt_f64_mr3_nr4_kc512_nc128_mc128_h0_pf1,128,4,1,35.526994664628035,151.1
f64,8.323381450551553e-16,32.98,34.88,39.33,0,512,128,3,dotnt_f64_mr3_nr4_kc512_nc128_mc128_h0_pf2,128,4,2,35.63438503113661,152.0
f64,8.323381450551553e-16,32.07,34.59,38.09,0,1024,128,3,dotnt_f64_mr3_nr4_kc1024_nc128_mc128_h0_pf0,128,4,0,34.82809909062682,153.0
f64,8.323381450551553e-16,33.51,32.83,38.65,0,1024,128,3,dotnt_f64_mr3_nr4_kc1024_nc128_mc128_h0_pf1,128,4,1,34.90427013762102,153.9
f64,8.323381450551553e-16,37.4,38.35,34.39,0,1024,128,3,dotnt_f64_mr3_nr4_kc1024_nc128_mc128_h0_pf2,128,4,2,36.672398212079436,154.8
f64,8.323381450551553e-16,37.47,35.59,34.64,0,0,256,3,dotnt_f64_mr3_nr4_kc0_nc64_mc256_h0_pf1,64,4,1,35.88146805206332,155.7
f64,8.323381450551553e-16,36.76,40.06,34.18,0,0,256,3,dotnt_f64_mr3_nr4_kc0_nc64_mc256_h0_pf2,64,4,2,36.92051723327647,156.5
f64,8.323381450551553e-16,31.73,33.85,27.96,0,128,256,3,dotnt_f64_mr3_nr4_kc128_nc64_mc256_h0_pf0,64,4,0,31.08161011927024,157.5
f64,8.323381450551553e-16,31.31,34.15,28.28,0,128,256,3,dotnt_f64_mr3_nr4_kc128_nc64_mc256_h0_pf1,64,4,1,31.155242015008834,158.4
f64,8.323381450551553e-16,32.14,33.94,28.28,0,128,256,3,dotnt_f64_mr3_nr4_kc128_nc64_mc256_h0_pf2,64,4,2,31.360479110783253,159.3
f64,8.323381450551553e-16,34.62,37.63,31.33,0,256,256,3,dotnt_f64_mr3_nr4_kc256_nc64_mc256_h0_pf0,64,4,0,34.431420668533995,160.2
f64,8.323381450551553e-16,34.84,36.9,31.01,0,256,256,3,dotnt_f64_mr3_nr4_kc256_nc64_mc256_h0_pf1,64,4,1,34.160397191144554,161.1
f64,8.323381450551553e-16,31.5,35.6,35.17,0,256,256,3,dotnt_f64_mr3_nr4_kc256_nc64_mc256_h0_pf2,64,4,2,34.03876104790566,162.0
f64,8.323381450551553e-16,33.15,35.62,38.05,0,512,256,3,dotnt_f64_mr3_nr4_kc512_nc64_mc256_h0_pf0,64,4,0,35.54728953668818,163.0
f64,8.323381450551553e-16,32.75,35.35,39.19,0,512,256,3,dotnt_f64_mr3_nr4_kc512_nc64_mc256_h0_pf1,64,4,1,35.66961176067674,163.9
f64,8.323381450551553e-16,33.24,35.08,39.17,0,512,256,3,dotnt_f64_mr3_nr4_kc512_nc64_mc256_h0_pf2,64,4,2,35.74749187103657,164.8
f64,8.323381450551553e-16,34.49,35.15,38.25,0,1024,256,3,dotnt_f64_mr3_nr4_kc1024_nc64_mc256_h0_pf0,64,4,0,35.92461810978982,165.7
f64,8.323381450551553e-16,34.33,34.56,38.49,0,1024,256,3,dotnt_f64_mr3_nr4_kc1024_nc64_mc256_h0_pf1,64,4,1,35.74519211465885,166.6
f64,8.323381450551553e-16,34.84,35.2,38.32,0,1024,256,3,dotnt_f64_mr3_nr4_kc1024_nc64_mc256_h0_pf2,64,4,2,36.08700270934986,167.6
f64,8.323381450551553e-16,40.15,40.82,35.3,0,1024,0,3,dotnt_f64_mr3_nr4_kc1024_nc96_mc0_h0_pf1,96,4,1,38.67735540879565,168.5
f64,8.323381450551553e-16,30.48,34.62,29.38,0,1024,32,3,dotnt_f64_mr3_nr4_kc1024_nc96_mc32_h0_pf1,96,4,1,31.416916569525217,169.6
f64,8.323381450551553e-16,32.9,37.03,31.71,0,1024,64,3,dotnt_f64_mr3_nr4_kc1024_nc96_mc64_h0_pf1,96,4,1,33.80373025655545,170.7
f64,8.323381450551553e-16,37.39,39.48,35.14,0,1024,0,3,dotnt_f64_mr3_nr4_kc1024_nc112_mc0_h0_pf1,112,4,1,37.29223543361635,171.7
f64,8.323381450551553e-16,30.25,33.72,28.94,0,1024,32,3,dotnt_f64_mr3_nr4_kc1024_nc112_mc32_h0_pf1,112,4,1,30.904405269111784,172.8
f64,8.323381450551553e-16,35.07,36.95,31.62,0,1024,64,3,dotnt_f64_mr3_nr4_kc1024_nc112_mc64_h0_pf1,112,4,1,34.47620802461403,173.8
f64,8.323381450551553e-16,28.4,30.97,31.82,0,1024,32,3,dotnt_f64_mr3_nr4_kc1024_nc128_mc32_h0_pf1,128,4,1,30.36153244963285,174.9
f64,8.323381450551553e-16,32.55,32.91,36.02,0,1024,64,3,dotnt_f64_mr3_nr4_kc1024_nc128_mc64_h0_pf1,128,4,1,33.7950109867298,176.0
f64,8.323381450551553e-16,34.36,34.82,39.26,0,1024,0,3,dotnt_f64_mr3_nr4_kc1024_nc144_mc0_h0_pf1,144,4,1,36.08042909286318,177.0
f64,8.323381450551553e-16,28.17,30.73,31.72,0,1024,32,3,dotnt_f64_mr3_nr4_kc1024_nc144_mc32_h0_pf1,144,4,1,30.168747649506834,178.2
f64,8.323381450551553e-16,31.8,33.24,35.87,0,1024,64,3,dotnt_f64_mr3_nr4_kc1024_nc144_mc64_h0_pf1,144,4,1,33.59380947614071,179.2
f64,8.323381450551553e-16,35.19,35.42,40.06,0,1024,0,3,dotnt_f64_mr3_nr4_kc1024_nc160_mc0_h0_pf1,160,4,1,36.82477866071519,180.2
f64,8.323381450551553e-16,28.14,30.86,31.57,0,1024,32,3,dotnt_f64_mr3_nr4_kc1024_nc160_mc32_h0_pf1,160,4,1,30.154675315890106,181.3
f64,8.323381450551553e-16,30.39,20.91,33.66,0,1024,64,3,dotnt_f64_mr3_nr4_kc1024_nc160_mc64_h0_pf1,160,4,1,27.759405327947935,182.5
f64,8.323381450551553e-16,33.83,34.81,39.79,0,1024,0,3,dotnt_f64_mr3_nr4_kc1024_nc192_mc0_h0_pf1,192,4,1,36.05302483946084,183.6
f64,8.323381450551553e-16,26.7,30.42,30.79,0,1024,32,3,dotnt_f64_mr3_nr4_kc1024_nc192_mc32_h0_pf1,192,4,1,29.24273359278318,184.8
f64,8.323381450551553e-16,30.77,32.77,34.33,0,1024,64,3,dotnt_f64_mr3_nr4_kc1024_nc192_mc64_h0_pf1,192,4,1,32.588550317690135,185.9
f64,8.323381450551553e-16,37.03,35.55,39.69,0,1024,0,3,dotnt_f64_mr3_nr4_kc1024_nc96_mc0_h0_pf2,96,4,2,37.38345928309532,186.9
f64,8.323381450551553e-16,28.28,29.8,32.13,0,1024,32,3,dotnt_f64_mr3_nr4_kc1024_nc96_mc32_h0_pf2,96,4,2,30.02844634094534,188.0
f64,8.323381450551553e-16,32.08,33.32,35.83,0,1024,64,3,dotnt_f64_mr3_nr4_kc1024_nc96_mc64_h0_pf2,96,4,2,33.71042152087497,189.1
f64,8.323381450551553e-16,35.83,35.38,40.99,0,1024,0,3,dotnt_f64_mr3_nr4_kc1024_nc112_mc0_h0_pf2,112,4,2,37.31600096823192,190.2
f64,8.323381450551553e-16,28.65,31.27,32.79,0,1024,32,3,dotnt_f64_mr3_nr4_kc1024_nc112_mc32_h0_pf2,112,4,2,30.856362140879003,191.3
f64,8.323381450551553e-16,32.39,33.34,36.66,0,1024,64,3,dotnt_f64_mr3_nr4_kc1024_nc112_mc64_h0_pf2,112,4,2,34.08036133594165,192.3
f64,8.323381450551553e-16,28.57,31.25,33.11,0,1024,32,3,dotnt_f64_mr3_nr4_kc1024_nc128_mc32_h0_pf2,128,4,2,30.92002318615667,193.4
f64,8.323381450551553e-16,32.61,33.32,36.18,0,1024,64,3,dotnt_f64_mr3_nr4_kc1024_nc128_mc64_h0_pf2,128,4,2,34.002299432602655,194.5
f64,8.323381450551553e-16,35.48,35.12,39.82,0,1024,0,3,dotnt_f64_mr3_nr4_kc1024_nc144_mc0_h0_pf2,144,4,2,36.7487203843591,195.5
f64,8.323381450551553e-16,27.95,30.72,31.67,0,1024,32,3,dotnt_f64_mr3_nr4_kc1024_nc144_mc32_h0_pf2,144,4,2,30.06837696381439,196.6
f64,8.323381450551553e-16,30.6,32.96,34.52,0,1024,64,3,dotnt_f64_mr3_nr4_kc1024_nc144_mc64_h0_pf2,144,4,2,32.65128628119887,197.7
f64,8.323381450551553e-16,36.04,35.28,40.29,0,1024,0,3,dotnt_f64_mr3_nr4_kc1024_nc160_mc0_h0_pf2,160,4,2,37.140334487805504,198.7
f64,8.323381450551553e-16,30.1,35.97,29.72,0,1024,32,3,dotnt_f64_mr3_nr4_kc1024_nc160_mc32_h0_pf2,160,4,2,31.80805113122496,199.8
f64,8.323381450551553e-16,32.76,36.84,31.09,0,1024,64,3,dotnt_f64_mr3_nr4_kc1024_nc160_mc64_h0_pf2,160,4,2,33.48016720272397,200.9
f64,8.323381450551553e-16,33.45,35.08,40.5,0,1024,0,3,dotnt_f64_mr3_nr4_kc1024_nc192_mc0_h0_pf2,192,4,2,36.22068067001755,201.9
f64,8.323381450551553e-16,26.38,30.95,31.23,0,1024,32,3,dotnt_f64_mr3_nr4_kc1024_nc192_mc32_h0_pf2,192,4,2,29.436168119995475,203.0
f64,8.323381450551553e-16,30.36,33.26,35.6,0,1024,64,3,dotnt_f64_mr3_nr4_kc1024_nc192_mc64_h0_pf2,192,4,2,33.00295421258514,204.1
f32,1.3982093054304074e-07,18.76,22.33,16.77,0,0,0,1,dotnt_f32_mr1_nr1_kc0_nc64_mc0_h0_pf0,64,1,0,19.154885400873088,205.1
f32,1.3982093054304074e-07,18.87,22.99,16.78,1,0,0,1,dotnt_f32_mr1_nr1_kc0_nc64_mc0_h1_pf0,64,1,0,19.382990810646515,206.1
f32,1.3982093054304074e-07,30.15,31.43,25.77,0,0,0,1,dotnt_f32_mr1_nr2_kc0_nc64_mc0_h0_pf0,64,2,0,29.012659470781394,206.9
f32,1.3982093054304074e-07,31.38,32.05,25.72,1,0,0,1,dotnt_f32_mr1_nr2_kc0_nc64_mc0_h1_pf0,64,2,0,29.578253651801823,207.7
f32,1.3982093054304074e-07,34.13,32.83,24.99,0,0,0,1,dotnt_f32_mr1_nr3_kc0_nc64_mc0_h0_pf0,64,3,0,30.368310890967116,208.5
f32,1.3982093054304074e-07,33.98,32.63,24.51,1,0,0,1,dotnt_f32_mr1_nr3_kc0_nc64_mc0_h1_pf0,64,3,0,30.06635462958709,209.4
f32,1.3982093054304074e-07,40.57,39.06,30.37,0,0,0,1,dotnt_f32_mr1_nr4_kc0_nc64_mc0_h0_pf0,64,4,0,36.37225079364237,210.1
f32,1.3982093054304074e-07,40.56,39.5,30.36,1,0,0,1,dotnt_f32_mr1_nr4_kc0_nc64_mc0_h1_pf0,64,4,0,36.50522792402072,210.9
f32,1.3982093054304074e-07,34.37,36.29,28.44,0,0,0,1,dotnt_f32_mr1_nr5_kc0_nc64_mc0_h0_pf0,64,5,0,32.860117000328025,211.7
f32,1.3982093054304074e-07,33.84,35.46,28.42,1,0,0,1,dotnt_f32_mr1_nr5_kc0_nc64_mc0_h1_pf0,64,5,0,32.42830374279754,212.6
f32,1.3982093054304074e-07,33.9,35.74,28.75,0,0,0,1,dotnt_f32_mr1_nr6_kc0_nc64_mc0_h0_pf0,64,6,0,32.65865140100074,213.5
f32,1.3982093054304074e-07,30.11,28.09,35.05,1,0,0,1,dotnt_f32_mr1_nr6_kc0_nc64_mc0_h1_pf0,64,6,0,30.94796384707884,214.4
f32,1.3982093054304074e-07,26.81,26.61,28.41,0,0,0,2,dotnt_f32_mr2_nr1_kc0_nc64_mc0_h0_pf0,64,1,0,27.264291559076966,215.2
f32,1.3982093054304074e-07,26.8,26.26,28.93,1,0,0,2,dotnt_f32_mr2_nr1_kc0_nc64_mc0_h1_pf0,64,1,0,27.306498614996055,216.0
f32,1.3982093054304074e-07,37.06,34.49,43.8,0,0,0,2,dotnt_f32_mr2_nr2_kc0_nc64_mc0_h0_pf0,64,2,0,38.25120026949863,216.9
f32,1.3982093054304074e-07,37.55,36.67,43.88,1,0,0,2,dotnt_f32_mr2_nr2_kc0_nc64_mc0_h1_pf0,64,2,0,39.24030265379777,217.7
f32,1.3982093054304074e-07,39.63,36.74,41.33,0,0,0,2,dotnt_f32_mr2_nr3_kc0_nc64_mc0_h0_pf0,64,3,0,39.18838592717065,218.5
f32,1.3982093054304074e-07,46.1,40.52,37.69,1,0,0,2,dotnt_f32_mr2_nr3_kc0_nc64_mc0_h1_pf0,64,3,0,41.29069287115657,219.3
f32,1.3982093054304074e-07,57.32,53.3,45.28,0,0,0,2,dotnt_f32_mr2_nr4_kc0_nc64_mc0_h0_pf0,64,4,0,51.71633782424681,220.1
f32,1.3982093054304074e-07,57.96,55.62,45.8,1,0,0,2,dotnt_f32_mr2_nr4_kc0_nc64_mc0_h1_pf0,64,4,0,52.85066617548596,220.8
f32,1.3982093054304074e-07,48.42,45.32,40.17,0,0,0,2,dotnt_f32_mr2_nr5_kc0_nc64_mc0_h0_pf0,64,5,0,44.504400122830745,221.7
f32,1.3982093054304074e-07,48.34,44.82,40.72,0,0,0,2,dotnt_f32_mr2_nr6_kc0_nc64_mc0_h0_pf0,64,6,0,44.517283174541284,222.5
f32,1.3982093054304074e-07,39.5,38.08,38.08,0,0,0,3,dotnt_f32_mr3_nr1_kc0_nc64_mc0_h0_pf0,64,1,0,38.548529441372374,223.3
f32,1.3982093054304074e-07,39.18,39.08,38.05,1,0,0,3,dotnt_f32_mr3_nr1_kc0_nc64_mc0_h1_pf0,64,1,0,38.76763742528529,224.0
f32,1.3982093054304074e-07,44.89,43.91,48.77,0,0,0,3,dotnt_f32_mr3_nr2_kc0_nc64_mc0_h0_pf0,64,2,0,45.80736647065323,224.8
f32,1.3982093054304074e-07,52.51,46.61,45.7,1,0,0,3,dotnt_f32_mr3_nr2_kc0_nc64_mc0_h1_pf0,64,2,0,48.183320242348046,225.6
f32,1.3982093054304074e-07,59.34,52.57,64.57,0,0,0,3,dotnt_f32_mr3_nr3_kc0_nc64_mc0_h0_pf0,64,3,0,58.62000844127081,226.4
f32,1.3982093054304074e-07,59.36,52.7,61.99,1,0,0,3,dotnt_f32_mr3_nr3_kc0_nc64_mc0_h1_pf0,64,3,0,57.88100046997184,227.1
f32,1.3982093054304074e-07,73.91,67.78,76.3,0,0,0,3,dotnt_f32_mr3_nr4_kc0_nc64_mc0_h0_pf0,64,4,0,72.5751085435125,227.9
f32,1.3982093054304074e-07,49.27,45.58,46.2,0,0,0,4,dotnt_f32_mr4_nr1_kc0_nc64_mc0_h0_pf0,64,1,0,46.99249454399144,228.6
f32,1.3982093054304074e-07,46.84,46.15,48.04,1,0,0,4,dotnt_f32_mr4_nr1_kc0_nc64_mc0_h1_pf0,64,1,0,47.00319915133574,229.4
f32,1.3982093054304074e-07,50.96,49.82,56.5,0,0,0,4,dotnt_f32_mr4_nr2_kc0_nc64_mc0_h0_pf0,64,2,0,52.34971692599975,230.1
f32,1.3982093054304074e-07,50.24,49.08,56.8,1,0,0,4,dotnt_f32_mr4_nr2_kc0_nc64_mc0_h1_pf0,64,2,0,51.930788509727996,230.9
f32,1.3982093054304074e-07,49.88,47.61,51.21,0,0,0,5,dotnt_f32_mr5_nr1_kc0_nc64_mc0_h0_pf0,64,1,0,49.54481465813917,231.7
f32,1.3982093054304074e-07,49.85,46.99,51.21,1,0,0,5,dotnt_f32_mr5_nr1_kc0_nc64_mc0_h1_pf0,64,1,0,49.317622014056106,232.4
f32,1.3982093054304074e-07,49.56,45.35,54.3,0,0,0,5,dotnt_f32_mr5_nr2_kc0_nc64_mc0_h0_pf0,64,2,0,49.60499120369384,233.3
f32,1.3982093054304074e-07,59.56,49.52,47.71,0,0,0,6,dotnt_f32_mr6_nr1_kc0_nc64_mc0_h0_pf0,64,1,0,52.012782582063544,234.0
f32,1.3982093054304074e-07,58.48,51.24,48.59,1,0,0,6,dotnt_f32_mr6_nr1_kc0_nc64_mc0_h1_pf0,64,1,0,52.60792970181423,234.8
f32,1.3982093054304074e-07,46.84,66.53,70.17,0,0,0,3,dotnt_f32_mr3_nr4_kc0_nc0_mc0_h0_pf0,0,4,0,60.24167196447785,235.6
f32,1.3982093054304074e-07,38.59,61.25,58.32,0,0,64,3,dotnt_f32_mr3_nr4_kc0_nc0_mc64_h0_pf0,0,4,0,51.65373964185772,236.5
f32,1.3982093054304074e-07,39.66,65.27,53.86,0,0,128,3,dotnt_f32_mr3_nr4_kc0_nc0_mc128_h0_pf0,0,4,0,51.853156589001046,237.3
f32,1.3982093054304074e-07,44.89,65.34,68.35,0,0,256,3,dotnt_f32_mr3_nr4_kc0_nc0_mc256_h0_pf0,0,4,0,58.52645482720419,238.2
f32,1.3982093054304074e-07,71.08,71.01,73.93,0,0,0,3,dotnt_f32_mr3_nr4_kc0_nc32_mc0_h0_pf0,32,4,0,71.99667942472755,239.0
f32,1.3982093054304074e-07,65.54,69.13,68.95,0,0,64,3,dotnt_f32_mr3_nr4_kc0_nc32_mc64_h0_pf0,32,4,0,67.85269068875785,239.8
f32,1.3982093054304074e-07,68.82,72.02,56.57,0,0,128,3,dotnt_f32_mr3_nr4_kc0_nc32_mc128_h0_pf0,32,4,0,65.45145016828876,240.7
f32,1.3982093054304074e-07,70.77,71.75,75.57,0,0,256,3,dotnt_f32_mr3_nr4_kc0_nc32_mc256_h0_pf0,32,4,0,72.67003085093563,241.5
f32,1.3982093054304074e-07,67.36,62.28,69.87,0,0,64,3,dotnt_f32_mr3_nr4_kc0_nc64_mc64_h0_pf0,64,4,0,66.42678557072712,242.3
f32,1.3982093054304074e-07,70.03,65.38,72.98,0,0,128,3,dotnt_f32_mr3_nr4_kc0_nc64_mc128_h0_pf0,64,4,0,69.39160310384189,243.1
f32,1.3982093054304074e-07,70.19,68.08,75.72,0,0,256,3,dotnt_f32_mr3_nr4_kc0_nc64_mc256_h0_pf0,64,4,0,71.26079620050018,244.0
f32,1.3982093054304074e-07,75.26,66.97,77.96,0,0,0,3,dotnt_f32_mr3_nr4_kc0_nc128_mc0_h0_pf0,128,4,0,73.2435721274954,244.7
f32,1.3982093054304074e-07,67.35,61.92,72.14,0,0,64,3,dotnt_f32_mr3_nr4_kc0_nc128_mc64_h0_pf0,128,4,0,67.00465914574481,245.5
f32,1.3982093054304074e-07,70.69,64.84,73.51,0,0,128,3,dotnt_f32_mr3_nr4_kc0_nc128_mc128_h0_pf0,128,4,0,69.5810660273272,246.3
f32,1.3982093054304074e-07,71.42,67.85,78.2,0,0,256,3,dotnt_f32_mr3_nr4_kc0_nc128_mc256_h0_pf0,128,4,0,72.36561301022502,247.2
f32,1.3982093054304074e-07,74.94,66.13,80.0,0,0,0,3,dotnt_f32_mr3_nr4_kc0_nc256_mc0_h0_pf0,256,4,0,73.4657247962447,247.9
f32,1.3982093054304074e-07,66.57,61.99,73.37,0,0,64,3,dotnt_f32_mr3_nr4_kc0_nc256_mc64_h0_pf0,256,4,0,67.14859368079186,248.8
f32,1.3982093054304074e-07,68.89,66.15,75.27,0,0,128,3,dotnt_f32_mr3_nr4_kc0_nc256_mc128_h0_pf0,256,4,0,70.00117666914774,249.6
f32,1.3982093054304074e-07,67.77,66.33,76.31,0,0,256,3,dotnt_f32_mr3_nr4_kc0_nc256_mc256_h0_pf0,256,4,0,70.00085493757823,250.4
f32,1.3982093054304074e-07,47.47,66.48,73.06,0,0,0,3,dotnt_f32_mr3_nr4_kc0_nc512_mc0_h0_pf0,512,4,0,61.3196432459041,251.2
f32,1.3982093054304074e-07,46.83,60.8,65.13,0,0,64,3,dotnt_f32_mr3_nr4_kc0_nc512_mc64_h0_pf0,512,4,0,57.02158415721515,252.1
f32,1.3982093054304074e-07,47.61,65.67,66.23,0,0,128,3,dotnt_f32_mr3_nr4_kc0_nc512_mc128_h0_pf0,512,4,0,59.16246838455457,252.9
f32,1.3982093054304074e-07,49.07,66.62,75.84,0,0,256,3,dotnt_f32_mr3_nr4_kc0_nc512_mc256_h0_pf0,512,4,0,62.82108056242705,253.8
f32,1.3982093054304074e-07,41.99,55.74,69.11,0,0,0,3,dotnt_f32_mr3_nr3_kc0_nc0_mc0_h0_pf0,0,3,0,54.485267155590904,254.6
f32,1.3982093054304074e-07,39.73,55.15,63.9,0,0,64,3,dotnt_f32_mr3_nr3_kc0_nc0_mc64_h0_pf0,0,3,0,51.927144515869514,255.4
f32,1.3982093054304074e-07,40.81,56.83,62.07,0,0,128,3,dotnt_f32_mr3_nr3_kc0_nc0_mc128_h0_pf0,0,3,0,52.410932804962094,256.3
f32,1.3982093054304074e-07,42.06,58.21,68.57,0,0,256,3,dotnt_f32_mr3_nr3_kc0_nc0_mc256_h0_pf0,0,3,0,55.16428791543062,257.1
f32,1.3982093054304074e-07,52.1,56.72,57.58,0,0,0,3,dotnt_f32_mr3_nr3_kc0_nc32_mc0_h0_pf0,32,3,0,55.41137954717056,257.9
f32,1.3982093054304074e-07,48.46,53.71,53.99,0,0,64,3,dotnt_f32_mr3_nr3_kc0_nc32_mc64_h0_pf0,32,3,0,51.98735976372775,258.7
f32,1.3982093054304074e-07,50.17,36.79,52.86,0,0,128,3,dotnt_f32_mr3_nr3_kc0_nc32_mc128_h0_pf0,32,3,0,46.03640691272671,259.5
f32,1.3982093054304074e-07,50.8,55.66,58.49,0,0,256,3,dotnt_f32_mr3_nr3_kc0_nc32_mc256_h0_pf0,32,3,0,54.891847849557,260.4
f32,1.3982093054304074e-07,54.46,51.27,59.3,0,0,64,3,dotnt_f32_mr3_nr3_kc0_nc64_mc64_h0_pf0,64,3,0,54.91138816356692,261.2
f32,1.3982093054304074e-07,56.72,52.45,62.0,0,0,128,3,dotnt_f32_mr3_nr3_kc0_nc64_mc128_h0_pf0,64,3,0,56.92111577515106,262.0
f32,1.3982093054304074e-07,64.88,59.23,55.82,0,0,256,3,dotnt_f32_mr3_nr3_kc0_nc64_mc256_h0_pf0,64,3,0,59.861581692895214,262.7
f32,1.3982093054304074e-07,72.49,63.19,60.96,0,0,0,3,dotnt_f32_mr3_nr3_kc0_nc128_mc0_h0_pf0,128,3,0,65.36365600825371,263.5
f32,1.3982093054304074e-07,62.56,59.06,53.44,0,0,64,3,dotnt_f32_mr3_nr3_kc0_nc128_mc64_h0_pf0,128,3,0,58.22850480427293,264.3
f32,1.3982093054304074e-07,66.51,61.59,57.57,0,0,128,3,dotnt_f32_mr3_nr3_kc0_nc128_mc128_h0_pf0,128,3,0,61.783531507653244,265.1
f32,1.3982093054304074e-07,67.07,62.6,59.58,0,0,256,3,dotnt_f32_mr3_nr3_kc0_nc128_mc256_h0_pf0,128,3,0,63.01150888699773,265.9
f32,1.3982093054304074e-07,72.43,64.61,61.27,0,0,0,3,dotnt_f32_mr3_nr3_kc0_nc256_mc0_h0_pf0,256,3,0,65.94045192005332,266.7
f32,1.3982093054304074e-07,58.87,60.86,57.03,0,0,64,3,dotnt_f32_mr3_nr3_kc0_nc256_mc64_h0_pf0,256,3,0,58.8985741555643,267.5
f32,1.3982093054304074e-07,69.71,61.5,60.62,0,0,128,3,dotnt_f32_mr3_nr3_kc0_nc256_mc128_h0_pf0,256,3,0,63.8172379983408,268.3
f32,1.3982093054304074e-07,72.21,65.09,62.21,0,0,256,3,dotnt_f32_mr3_nr3_kc0_nc256_mc256_h0_pf0,256,3,0,66.37280855945815,269.0
f32,1.3982093054304074e-07,48.13,63.59,57.17,0,0,0,3,dotnt_f32_mr3_nr3_kc0_nc512_mc0_h0_pf0,512,3,0,55.931317214042686,269.8
f32,1.3982093054304074e-07,46.17,59.86,51.01,0,0,64,3,dotnt_f32_mr3_nr3_kc0_nc512_mc64_h0_pf0,512,3,0,52.04576335668809,270.6
f32,1.3982093054304074e-07,50.24,64.33,59.1,0,0,128,3,dotnt_f32_mr3_nr3_kc0_nc512_mc128_h0_pf0,512,3,0,57.59120302480856,271.4
f32,1.3982093054304074e-07,48.96,65.93,57.62,0,0,256,3,dotnt_f32_mr3_nr3_kc0_nc512_mc256_h0_pf0,512,3,0,57.082490232619676,272.2
f32,1.3982093054304074e-07,45.55,66.21,60.47,1,0,0,3,dotnt_f32_mr3_nr3_kc0_nc0_mc0_h1_pf0,0,3,0,56.70705238678639,273.0
f32,1.3982093054304074e-07,36.67,61.05,52.9,1,0,64,3,dotnt_f32_mr3_nr3_kc0_nc0_mc64_h1_pf0,0,3,0,49.10578742971335,273.9
f32,1.3982093054304074e-07,42.55,62.65,50.84,1,0,128,3,dotnt_f32_mr3_nr3_kc0_nc0_mc128_h1_pf0,0,3,0,51.36704555669458,274.7
f32,1.3982093054304074e-07,41.28,61.58,55.19,1,0,256,3,dotnt_f32_mr3_nr3_kc0_nc0_mc256_h1_pf0,0,3,0,51.95808997288961,275.6
f32,1.3982093054304074e-07,57.33,32.24,34.03,1,0,0,3,dotnt_f32_mr3_nr3_kc0_nc32_mc0_h1_pf0,32,3,0,39.76821219574078,276.5
f32,1.3982093054304074e-07,52.01,54.31,46.31,1,0,64,3,dotnt_f32_mr3_nr3_kc0_nc32_mc64_h1_pf0,32,3,0,50.76132175201225,277.3
f32,1.3982093054304074e-07,54.71,55.64,45.67,1,0,128,3,dotnt_f32_mr3_nr3_kc0_nc32_mc128_h1_pf0,32,3,0,51.804285952241244,278.1
f32,1.3982093054304074e-07,55.63,59.04,50.25,1,0,256,3,dotnt_f32_mr3_nr3_kc0_nc32_mc256_h1_pf0,32,3,0,54.85327460116468,279.0
f32,1.3982093054304074e-07,59.56,52.44,49.43,1,0,64,3,dotnt_f32_mr3_nr3_kc0_nc64_mc64_h1_pf0,64,3,0,53.64475561464351,279.8
f32,1.3982093054304074e-07,63.97,58.37,55.79,1,0,128,3,dotnt_f32_mr3_nr3_kc0_nc64_mc128_h1_pf0,64,3,0,59.27839462516022,280.6
f32,1.3982093054304074e-07,63.0,57.06,54.93,1,0,256,3,dotnt_f32_mr3_nr3_kc0_nc64_mc256_h1_pf0,64,3,0,58.23276453412408,281.4
f32,1.3982093054304074e-07,69.9,63.62,58.65,1,0,0,3,dotnt_f32_mr3_nr3_kc0_nc128_mc0_h1_pf0,128,3,0,63.89353318596097,282.1
f32,1.3982093054304074e-07,63.01,59.62,55.29,1,0,64,3,dotnt_f32_mr3_nr3_kc0_nc128_mc64_h1_pf0,128,3,0,59.224085522248835,283.0
f32,1.3982093054304074e-07,56.37,33.98,58.96,1,0,128,3,dotnt_f32_mr3_nr3_kc0_nc128_mc128_h1_pf0,128,3,0,48.338148707174206,283.8
f32,1.3982093054304074e-07,60.24,57.45,64.1,1,0,256,3,dotnt_f32_mr3_nr3_kc0_nc128_mc256_h1_pf0,128,3,0,60.537072778504296,284.6
f32,1.3982093054304074e-07,64.76,58.26,69.92,1,0,0,3,dotnt_f32_mr3_nr3_kc0_nc256_mc0_h1_pf0,256,3,0,64.13325758332546,285.4
f32,1.3982093054304074e-07,63.41,35.71,40.98,1,0,64,3,dotnt_f32_mr3_nr3_kc0_nc256_mc64_h1_pf0,256,3,0,45.27288650774049,286.2
f32,1.3982093054304074e-07,70.21,64.1,57.46,1,0,128,3,dotnt_f32_mr3_nr3_kc0_nc256_mc128_h1_pf0,256,3,0,63.71016826082896,287.2
f32,1.3982093054304074e-07,70.53,66.33,60.71,1,0,256,3,dotnt_f32_mr3_nr3_kc0_nc256_mc256_h1_pf0,256,3,0,65.73381376021288,288.0
f32,1.3982093054304074e-07,49.55,65.77,56.1,1,0,0,3,dotnt_f32_mr3_nr3_kc0_nc512_mc0_h1_pf0,512,3,0,56.75401095398503,288.8
f32,1.3982093054304074e-07,46.39,60.11,56.2,1,0,64,3,dotnt_f32_mr3_nr3_kc0_nc512_mc64_h1_pf0,512,3,0,53.91352234438173,289.6
f32,1.3982093054304074e-07,50.78,64.92,58.46,1,0,128,3,dotnt_f32_mr3_nr3_kc0_nc512_mc128_h1_pf0,512,3,0,57.76359450187763,290.5
f32,1.3982093054304074e-07,49.95,57.13,68.09,1,0,256,3,dotnt_f32_mr3_nr3_kc0_nc512_mc256_h1_pf0,512,3,0,57.9199138529942,291.3
f32,1.3982093054304074e-07,31.9,44.45,48.76,1,0,0,2,dotnt_f32_mr2_nr4_kc0_nc0_mc0_h1_pf0,0,4,0,41.04395410534829,292.2
f32,1.3982093054304074e-07,31.88,45.82,56.19,1,0,64,2,dotnt_f32_mr2_nr4_kc0_nc0_mc64_h1_pf0,0,4,0,43.4576574948565,293.0
f32,1.3982093054304074e-07,31.84,44.74,51.66,1,0,128,2,dotnt_f32_mr2_nr4_kc0_nc0_mc128_h1_pf0,0,4,0,41.90696414874961,293.9
f32,1.3982093054304074e-07,29.75,44.21,50.38,1,0,256,2,dotnt_f32_mr2_nr4_kc0_nc0_mc256_h1_pf0,0,4,0,40.467599758365566,294.8
f32,1.3982093054304074e-07,47.25,51.53,54.22,1,0,0,2,dotnt_f32_mr2_nr4_kc0_nc32_mc0_h1_pf0,32,4,0,50.92103910313975,295.6
f32,1.3982093054304074e-07,46.99,50.63,55.17,1,0,64,2,dotnt_f32_mr2_nr4_kc0_nc32_mc64_h1_pf0,32,4,0,50.8215968398449,296.4
f32,1.3982093054304074e-07,45.22,51.86,54.52,1,0,128,2,dotnt_f32_mr2_nr4_kc0_nc32_mc128_h1_pf0,32,4,0,50.37821743634108,297.2
f32,1.3982093054304074e-07,44.93,50.3,54.34,1,0,256,2,dotnt_f32_mr2_nr4_kc0_nc32_mc256_h1_pf0,32,4,0,49.70548532327023,298.1
f32,1.3982093054304074e-07,47.08,46.55,55.86,1,0,64,2,dotnt_f32_mr2_nr4_kc0_nc64_mc64_h1_pf0,64,4,0,49.65355994842274,298.9
f32,1.3982093054304074e-07,47.37,46.5,55.68,1,0,128,2,dotnt_f32_mr2_nr4_kc0_nc64_mc128_h1_pf0,64,4,0,49.68595189938456,299.7
f32,1.3982093054304074e-07,47.07,45.84,56.7,1,0,256,2,dotnt_f32_mr2_nr4_kc0_nc64_mc256_h1_pf0,64,4,0,49.64145436824758,300.5
f32,1.3982093054304074e-07,47.95,44.19,55.17,1,0,0,2,dotnt_f32_mr2_nr4_kc0_nc128_mc0_h1_pf0,128,4,0,48.89390430353498,301.3
f32,1.3982093054304074e-07,46.98,44.8,54.84,1,0,64,2,dotnt_f32_mr2_nr4_kc0_nc128_mc64_h1_pf0,128,4,0,48.689858378218005,302.1
f32,1.3982093054304074e-07,47.02,44.69,55.97,1,0,128,2,dotnt_f32_mr2_nr4_kc0_nc128_mc128_h1_pf0,128,4,0,48.99623071750213,302.9
f32,1.3982093054304074e-07,46.3,45.83,55.61,1,0,256,2,dotnt_f32_mr2_nr4_kc0_nc128_mc256_h1_pf0,128,4,0,49.04896626971805,303.8
f32,1.3982093054304074e-07,46.39,45.77,55.7,1,0,0,2,dotnt_f32_mr2_nr4_kc0_nc256_mc0_h1_pf0,256,4,0,49.08542011916072,304.6
f32,1.3982093054304074e-07,46.58,45.8,55.78,1,0,64,2,dotnt_f32_mr2_nr4_kc0_nc256_mc64_h1_pf0,256,4,0,49.186963022677304,305.4
f32,1.3982093054304074e-07,47.03,44.46,54.32,1,0,128,2,dotnt_f32_mr2_nr4_kc0_nc256_mc128_h1_pf0,256,4,0,48.42740593996837,306.2
f32,1.3982093054304074e-07,46.51,45.93,57.17,1,0,256,2,dotnt_f32_mr2_nr4_kc0_nc256_mc256_h1_pf0,256,4,0,49.61401960084982,307.0
f32,1.3982093054304074e-07,34.57,46.23,56.24,1,0,0,2,dotnt_f32_mr2_nr4_kc0_nc512_mc0_h1_pf0,512,4,0,44.79158327977581,307.9
f32,1.3982093054304074e-07,33.58,46.28,51.59,1,0,64,2,dotnt_f32_mr2_nr4_kc0_nc512_mc64_h1_pf0,512,4,0,43.11587594605435,308.8
f32,1.3982093054304074e-07,34.27,46.46,50.61,1,0,128,2,dotnt_f32_mr2_nr4_kc0_nc512_mc128_h1_pf0,512,4,0,43.19091066089098,309.6
f32,1.3982093054304074e-07,32.97,46.33,47.62,1,0,256,2,dotnt_f32_mr2_nr4_kc0_nc512_mc256_h1_pf0,512,4,0,41.745148601697444,310.5
f32,1.3982093054304074e-07,73.34,66.38,79.5,0,0,0,3,dotnt_f32_mr3_nr4_kc0_nc256_mc0_h0_pf1,256,4,1,72.87697999035453,311.3
f32,1.3982093054304074e-07,73.93,67.26,80.6,0,0,0,3,dotnt_f32_mr3_nr4_kc0_nc256_mc0_h0_pf2,256,4,2,73.72809361983511,312.0
f32,1.3982093054304074e-07,51.52,53.36,58.85,0,128,0,3,dotnt_f32_mr3_nr4_kc128_nc256_mc0_h0_pf0,256,4,0,54.48706006216891,312.9
f32,1.3982093054304074e-07,51.62,50.16,43.21,0,128,0,3,dotnt_f32_mr3_nr4_kc128_nc256_mc0_h0_pf1,256,4,1,48.18532036736616,313.8
f32,1.3982093054304074e-07,51.38,53.37,56.47,0,128,0,3,dotnt_f32_mr3_nr4_kc128_nc256_mc0_h0_pf2,256,4,2,53.70037206012564,314.7
f32,1.3982093054304074e-07,61.81,67.19,69.01,0,256,0,3,dotnt_f32_mr3_nr4_kc256_nc256_mc0_h0_pf0,256,4,0,65.93256526801646,315.6
f32,1.3982093054304074e-07,62.23,64.18,69.47,0,256,0,3,dotnt_f32_mr3_nr4_kc256_nc256_mc0_h0_pf1,256,4,1,65.22316565154671,316.4
f32,1.3982093054304074e-07,63.43,64.0,69.16,0,256,0,3,dotnt_f32_mr3_nr4_kc256_nc256_mc0_h0_pf2,256,4,2,65.48266713520177,317.3
f32,1.3982093054304074e-07,69.05,66.87,81.31,0,512,0,3,dotnt_f32_mr3_nr4_kc512_nc256_mc0_h0_pf0,256,4,0,72.1423176910212,318.1
f32,1.3982093054304074e-07,67.71,66.76,81.34,0,512,0,3,dotnt_f32_mr3_nr4_kc512_nc256_mc0_h0_pf1,256,4,1,71.64120370717882,318.9
f32,1.3982093054304074e-07,66.49,65.77,78.56,0,512,0,3,dotnt_f32_mr3_nr4_kc512_nc256_mc0_h0_pf2,256,4,2,70.03943101199445,319.8
f32,1.3982093054304074e-07,74.76,67.31,80.78,0,1024,0,3,dotnt_f32_mr3_nr4_kc1024_nc256_mc0_h0_pf0,256,4,0,74.07566325789847,320.6
f32,1.3982093054304074e-07,58.4,72.61,68.68,0,1024,0,3,dotnt_f32_mr3_nr4_kc1024_nc256_mc0_h0_pf1,256,4,1,66.2842707244164,321.5
f32,1.3982093054304074e-07,83.57,73.16,71.59,0,1024,0,3,dotnt_f32_mr3_nr4_kc1024_nc256_mc0_h0_pf2,256,4,2,75.9257321372392,322.3
f32,1.3982093054304074e-07,82.73,72.81,70.8,0,0,0,3,dotnt_f32_mr3_nr4_kc0_nc128_mc0_h0_pf1,128,4,1,75.27249664311815,323.0
f32,1.3982093054304074e-07,83.09,73.23,69.66,0,0,0,3,dotnt_f32_mr3_nr4_kc0_nc128_mc0_h0_pf2,128,4,2,75.1173636896611,323.8
f32,1.3982093054304074e-07,55.59,56.79,50.55,0,128,0,3,dotnt_f32_mr3_nr4_kc128_nc128_mc0_h0_pf0,128,4,0,54.240577546193094,324.7
f32,1.3982093054304074e-07,57.0,57.42,51.63,0,128,0,3,dotnt_f32_mr3_nr4_kc128_nc128_mc0_h0_pf1,128,4,1,55.28667465367204,325.6
f32,1.3982093054304074e-07,55.3,54.67,50.61,0,128,0,3,dotnt_f32_mr3_nr4_kc128_nc128_mc0_h0_pf2,128,4,2,53.488040207942056,326.4
f32,1.3982093054304074e-07,61.31,67.05,67.2,0,256,0,3,dotnt_f32_mr3_nr4_kc256_nc128_mc0_h0_pf0,128,4,0,65.1275249154782,327.3
f32,1.3982093054304074e-07,61.75,67.31,69.14,0,256,0,3,dotnt_f32_mr3_nr4_kc256_nc128_mc0_h0_pf1,128,4,1,65.99023915442308,328.2
f32,1.3982093054304074e-07,61.66,38.81,66.93,0,256,0,3,dotnt_f32_mr3_nr4_kc256_nc128_mc0_h0_pf2,128,4,2,54.310026749404614,329.1
f32,1.3982093054304074e-07,67.97,67.48,79.41,0,512,0,3,dotnt_f32_mr3_nr4_kc512_nc128_mc0_h0_pf0,128,4,0,71.41434894292136,330.0
f32,1.3982093054304074e-07,67.85,67.89,77.97,0,512,0,3,dotnt_f32_mr3_nr4_kc512_nc128_mc0_h0_pf1,128,4,1,71.08152775579075,330.8
f32,1.3982093054304074e-07,65.91,65.17,77.45,0,512,0,3,dotnt_f32_mr3_nr4_kc512_nc128_mc0_h0_pf2,128,4,2,69.29044712224726,331.6
f32,1.3982093054304074e-07,74.39,64.48,77.46,0,1024,0,3,dotnt_f32_mr3_nr4_kc1024_nc128_mc0_h0_pf0,128,4,0,71.89346942505891,332.5
f32,1.3982093054304074e-07,82.9,71.31,69.32,0,1024,0,3,dotnt_f32_mr3_nr4_kc1024_nc128_mc0_h0_pf1,128,4,1,74.27505114523082,333.3
f32,1.3982093054304074e-07,82.96,72.17,71.03,0,1024,0,3,dotnt_f32_mr3_nr4_kc1024_nc128_mc0_h0_pf2,128,4,2,75.19900383980439,334.1
f32,1.3982093054304074e-07,77.87,71.63,71.35,0,0,256,3,dotnt_f32_mr3_nr4_kc0_nc32_mc256_h0_pf1,32,4,1,73.55699686180255,334.9
f32,1.3982093054304074e-07,78.65,70.81,69.4,0,0,256,3,dotnt_f32_mr3_nr4_kc0_nc32_mc256_h0_pf2,32,4,2,72.84116233674732,335.7
f32,1.3982093054304074e-07,57.24,62.38,52.62,0,128,256,3,dotnt_f32_mr3_nr4_kc128_nc32_mc256_h0_pf0,32,4,0,57.2772331505849,336.6
f32,1.3982093054304074e-07,55.81,61.45,51.5,0,128,256,3,dotnt_f32_mr3_nr4_kc128_nc32_mc256_h0_pf1,32,4,1,56.10772252069646,337.5
f32,1.3982093054304074e-07,53.36,59.63,55.32,0,128,256,3,dotnt_f32_mr3_nr4_kc128_nc32_mc256_h0_pf2,32,4,2,56.044798532437326,338.4
f32,1.3982093054304074e-07,67.03,75.17,67.93,0,256,256,3,dotnt_f32_mr3_nr4_kc256_nc32_mc256_h0_pf0,32,4,0,69.94853167388834,339.3
f32,1.3982093054304074e-07,66.79,71.47,68.35,0,256,256,3,dotnt_f32_mr3_nr4_kc256_nc32_mc256_h0_pf1,32,4,1,68.8443232227742,340.1
f32,1.3982093054304074e-07,65.13,70.22,67.79,0,256,256,3,dotnt_f32_mr3_nr4_kc256_nc32_mc256_h0_pf2,32,4,2,67.68094451865504,341.0
f32,1.3982093054304074e-07,64.13,73.64,76.41,0,512,256,3,dotnt_f32_mr3_nr4_kc512_nc32_mc256_h0_pf0,32,4,0,71.19485503280974,341.9
f32,1.3982093054304074e-07,64.57,74.05,75.72,0,512,256,3,dotnt_f32_mr3_nr4_kc512_nc32_mc256_h0_pf1,32,4,1,71.27419045343501,342.8
f32,1.3982093054304074e-07,50.86,73.15,63.91,0,512,256,3,dotnt_f32_mr3_nr4_kc512_nc32_mc256_h0_pf2,32,4,2,61.94980604975566,343.7
f32,1.3982093054304074e-07,63.71,38.46,40.42,0,1024,256,3,dotnt_f32_mr3_nr4_kc1024_nc32_mc256_h0_pf0,32,4,0,46.26755817571165,344.9
f32,1.3982093054304074e-07,74.7,73.63,69.92,0,1024,256,3,dotnt_f32_mr3_nr4_kc1024_nc32_mc256_h0_pf1,32,4,1,72.72362439314092,345.8
f32,1.3982093054304074e-07,76.68,74.73,69.94,0,1024,256,3,dotnt_f32_mr3_nr4_kc1024_nc32_mc256_h0_pf2,32,4,2,73.72460118941441,346.6
f32,1.3982093054304074e-07,79.44,72.75,68.58,0,1024,0,3,dotnt_f32_mr3_nr4_kc1024_nc224_mc0_h0_pf2,224,4,2,73.45339434966277,347.5
f32,1.3982093054304074e-07,60.77,57.52,63.44,0,1024,32,3,dotnt_f32_mr3_nr4_kc1024_nc224_mc32_h0_pf2,224,4,2,60.52638617565841,348.6
f32,1.3982093054304074e-07,67.2,63.28,70.21,0,1024,64,3,dotnt_f32_mr3_nr4_kc1024_nc224_mc64_h0_pf2,224,4,2,66.83885603485746,349.6
f32,1.3982093054304074e-07,74.92,67.59,78.78,0,1024,0,3,dotnt_f32_mr3_nr4_kc1024_nc240_mc0_h0_pf2,240,4,2,73.61783043155785,350.5
f32,1.3982093054304074e-07,60.65,57.49,64.74,0,1024,32,3,dotnt_f32_mr3_nr4_kc1024_nc240_mc32_h0_pf2,240,4,2,60.88853415584679,351.5
f32,1.3982093054304074e-07,66.47,62.39,70.3,0,1024,64,3,dotnt_f32_mr3_nr4_kc1024_nc240_mc64_h0_pf2,240,4,2,66.30657166636537,352.4
f32,1.3982093054304074e-07,60.33,57.36,64.56,0,1024,32,3,dotnt_f32_mr3_nr4_kc1024_nc256_mc32_h0_pf2,256,4,2,60.67991512260457,353.3
f32,1.3982093054304074e-07,65.36,60.42,69.0,0,1024,64,3,dotnt_f32_mr3_nr4_kc1024_nc256_mc64_h0_pf2,256,4,2,64.82902028406605,354.3
f32,1.3982093054304074e-07,72.32,65.69,80.65,0,1024,0,3,dotnt_f32_mr3_nr4_kc1024_nc272_mc0_h0_pf2,272,4,2,72.62804148957547,355.2
f32,1.3982093054304074e-07,63.48,62.17,59.24,0,1024,32,3,dotnt_f32_mr3_nr4_kc1024_nc272_mc32_h0_pf2,272,4,2,61.605342574909656,356.1
f32,1.3982093054304074e-07,72.91,66.67,63.96,0,1024,64,3,dotnt_f32_mr3_nr4_kc1024_nc272_mc64_h0_pf2,272,4,2,67.74394600583082,357.0
f32,1.3982093054304074e-07,81.34,74.07,71.15,0,1024,0,3,dotnt_f32_mr3_nr4_kc1024_nc288_mc0_h0_pf2,288,4,2,75.39976755608595,357.9
f32,1.3982093054304074e-07,65.33,58.92,60.38,0,1024,32,3,dotnt_f32_mr3_nr4_kc1024_nc288_mc32_h0_pf2,288,4,2,61.48289560600557,358.8
f32,1.3982093054304074e-07,73.67,68.67,65.94,0,1024,64,3,dotnt_f32_mr3_nr4_kc1024_nc288_mc64_h0_pf2,288,4,2,69.3524789745777,359.7
f32,1.3982093054304074e-07,79.47,74.21,72.09,0,1024,0,3,dotnt_f32_mr3_nr4_kc1024_nc320_mc0_h0_pf2,320,4,2,75.19348015732844,360.6
f32,1.3982093054304074e-07,64.7,59.84,60.26,0,1024,32,3,dotnt_f32_mr3_nr4_kc1024_nc320_mc32_h0_pf2,320,4,2,61.56181430103955,361.5
f32,1.3982093054304074e-07,65.17,67.36,63.59,0,1024,64,3,dotnt_f32_mr3_nr4_kc1024_nc320_mc64_h0_pf2,320,4,2,65.35415194738691,362.5
f32,1.3982093054304074e-07,81.68,73.14,68.8,0,0,0,3,dotnt_f32_mr3_nr4_kc0_nc96_mc0_h0_pf1,96,4,1,74.35214903445052,363.3
f32,1.3982093054304074e-07,65.44,62.57,58.83,0,0,32,3,dotnt_f32_mr3_nr4_kc0_nc96_mc32_h0_pf1,96,4,1,62.220649629005514,364.3
f32,1.3982093054304074e-07,72.92,68.91,64.96,0,0,64,3,dotnt_f32_mr3_nr4_kc0_nc96_mc64_h0_pf1,96,4,1,68.85346257856513,365.2
f32,1.3982093054304074e-07,82.75,72.68,70.96,0,0,0,3,dotnt_f32_mr3_nr4_kc0_nc112_mc0_h0_pf1,112,4,1,75.28981318769488,366.0
f32,1.3982093054304074e-07,65.61,63.09,59.04,0,0,32,3,dotnt_f32_mr3_nr4_kc0_nc112_mc32_h0_pf1,112,4,1,62.52058869943525,366.9
f32,1.3982093054304074e-07,72.65,67.31,63.31,0,0,64,3,dotnt_f32_mr3_nr4_kc0_nc112_mc64_h0_pf1,112,4,1,67.64821118447176,367.8
f32,1.3982093054304074e-07,63.99,63.72,61.22,0,0,32,3,dotnt_f32_mr3_nr4_kc0_nc128_mc32_h0_pf1,128,4,1,62.964610652255175,368.7
f32,1.3982093054304074e-07,72.5,67.43,64.0,0,0,64,3,dotnt_f32_mr3_nr4_kc0_nc128_mc64_h0_pf1,128,4,1,67.88607377284568,369.7
f32,1.3982093054304074e-07,73.57,68.55,77.08,0,0,0,3,dotnt_f32_mr3_nr4_kc0_nc144_mc0_h0_pf1,144,4,1,72.98108487331483,370.5
f32,1.3982093054304074e-07,60.06,58.25,61.65,0,0,32,3,dotnt_f32_mr3_nr4_kc0_nc144_mc32_h0_pf1,144,4,1,59.972351467478084,371.4
f32,1.3982093054304074e-07,67.05,63.67,66.84,0,0,64,3,dotnt_f32_mr3_nr4_kc0_nc144_mc64_h0_pf1,144,4,1,65.83465764983735,372.3
f32,1.3982093054304074e-07,75.3,67.62,76.44,0,0,0,3,dotnt_f32_mr3_nr4_kc0_nc160_mc0_h0_pf1,160,4,1,73.01319752041256,373.2
f32,1.3982093054304074e-07,60.29,58.71,63.5,0,0,32,3,dotnt_f32_mr3_nr4_kc0_nc160_mc32_h0_pf1,160,4,1,60.801385141128264,374.1
f32,1.3982093054304074e-07,66.25,62.51,68.38,0,0,64,3,dotnt_f32_mr3_nr4_kc0_nc160_mc64_h0_pf1,160,4,1,65.66882828647891,375.0
f32,1.3982093054304074e-07,74.6,67.3,76.9,0,0,0,3,dotnt_f32_mr3_nr4_kc0_nc192_mc0_h0_pf1,192,4,1,72.81536450211713,375.8
f32,1.3982093054304074e-07,52.4,59.14,63.05,0,0,32,3,dotnt_f32_mr3_nr4_kc0_nc192_mc32_h0_pf1,192,4,1,58.026401020285284,376.8
f32,1.3982093054304074e-07,65.25,62.42,68.21,0,0,64,3,dotnt_f32_mr3_nr4_kc0_nc192_mc64_h0_pf1,192,4,1,65.25156287704189,377.7
