dtype,err,gf_1024x768x1024,gf_256x256x256,gf_512x512x512,kc,mc,mr,name,nc,nr,omp,prefetch,score,t,unroll
f64,2.932366082577094e-16,12.37,12.49,12.3,256,256,2,gemm_f64_mr2_nr4_kc256_mc256_nc1024_pf0_u1,1024,4,0,0,12.38593672818955,2.7,1
f64,2.932366082577094e-16,16.69,17.93,17.6,256,256,3,gemm_f64_mr3_nr4_kc256_mc256_nc1024_pf0_u1,1024,4,0,0,17.397048577288242,3.8,1
f64,2.932366082577094e-16,20.58,22.53,21.77,256,256,4,gemm_f64_mr4_nr4_kc256_mc256_nc1024_pf0_u1,1024,4,0,0,21.612480200205688,5.0,1
f64,2.932366082577094e-16,24.43,25.65,26.25,256,256,6,gemm_f64_mr6_nr4_kc256_mc256_nc1024_pf0_u1,1024,4,0,0,25.431140344590855,5.9,1
f64,2.932366082577094e-16,21.69,22.73,22.84,256,256,8,gemm_f64_mr8_nr4_kc256_mc256_nc1024_pf0_u1,1024,4,0,0,22.415660852182455,6.9,1
f64,2.932366082577094e-16,23.19,23.21,23.68,256,256,10,gemm_f64_mr10_nr4_kc256_mc256_nc1024_pf0_u1,1024,4,0,0,23.357821064567304,7.9,1
f64,2.932366082577094e-16,21.96,23.94,23.33,256,256,12,gemm_f64_mr12_nr4_kc256_mc256_nc1024_pf0_u1,1024,4,0,0,23.062728341701668,8.9,1
f64,2.932366082577094e-16,22.53,23.47,23.74,256,256,2,gemm_f64_mr2_nr8_kc256_mc256_nc1024_pf0_u1,1024,8,0,0,23.244730313825148,9.8,1
f64,2.932366082577094e-16,29.65,31.75,32.56,256,256,3,gemm_f64_mr3_nr8_kc256_mc256_nc1024_pf0_u1,1024,8,0,0,31.297446646066728,10.7,1
f64,2.932366082577094e-16,32.21,35.51,36.31,256,256,4,gemm_f64_mr4_nr8_kc256_mc256_nc1024_pf0_u1,1024,8,0,0,34.62825873981455,11.5,1
f64,2.932366082577094e-16,34.99,37.62,39.28,256,256,6,gemm_f64_mr6_nr8_kc256_mc256_nc1024_pf0_u1,1024,8,0,0,37.252700506217096,12.4,1
f64,2.932366082577094e-16,27.24,28.16,30.12,256,256,2,gemm_f64_mr2_nr12_kc256_mc256_nc1024_pf0_u1,1024,12,0,0,28.481465601814968,13.3,1
f64,2.932366082577094e-16,34.78,33.88,37.58,256,256,3,gemm_f64_mr3_nr12_kc256_mc256_nc1024_pf0_u1,1024,12,0,0,35.376857476161184,14.1,1
f64,2.932366082577094e-16,36.74,37.23,37.78,256,256,4,gemm_f64_mr4_nr12_kc256_mc256_nc1024_pf0_u1,1024,12,0,0,37.24811377326034,14.4,1
f64,2.932366082577094e-16,30.62,29.05,32.0,256,256,2,gemm_f64_mr2_nr16_kc256_mc256_nc1024_pf0_u1,1024,16,0,0,30.533135110909413,15.3,1
f64,2.932366082577094e-16,34.34,36.99,39.95,256,256,6,gemm_f64_mr6_nr8_kc256_mc256_nc1024_pf4_u1,1024,8,0,4,37.02290976081128,16.2,1
f64,2.932366082577094e-16,31.06,33.43,33.47,256,256,6,gemm_f64_mr6_nr8_kc256_mc256_nc1024_pf0_u2,1024,8,0,0,32.63230508273692,17.1,2
f64,2.932366082577094e-16,29.22,33.95,33.15,256,256,6,gemm_f64_mr6_nr8_kc256_mc256_nc1024_pf4_u2,1024,8,0,4,32.03994319298305,18.0,2
f64,2.932366082577094e-16,27.05,26.95,28.16,256,256,6,gemm_f64_mr6_nr8_kc256_mc256_nc1024_pf0_u4,1024,8,0,0,27.379533578430603,19.0,4
f64,2.932366082577094e-16,26.15,27.63,28.35,256,256,6,gemm_f64_mr6_nr8_kc256_mc256_nc1024_pf4_u4,1024,8,0,4,27.35904305568111,20.1,4
f64,2.932366082577094e-16,35.73,37.37,39.17,256,256,4,gemm_f64_mr4_nr12_kc256_mc256_nc1024_pf4_u1,1024,12,0,4,37.39972496576972,20.9,1
f64,2.932366082577094e-16,29.46,28.53,31.73,256,256,4,gemm_f64_mr4_nr12_kc256_mc256_nc1024_pf0_u2,1024,12,0,0,29.875012638874946,21.9,2
f64,2.932366082577094e-16,29.41,27.82,31.58,256,256,4,gemm_f64_mr4_nr12_kc256_mc256_nc1024_pf4_u2,1024,12,0,4,29.560843703067274,22.8,2
f64,2.932366082577094e-16,28.14,27.28,29.6,256,256,4,gemm_f64_mr4_nr12_kc256_mc256_nc1024_pf0_u4,1024,12,0,0,28.322706149139925,23.8,4
f64,2.932366082577094e-16,28.43,27.43,29.39,256,256,4,gemm_f64_mr4_nr12_kc256_mc256_nc1024_pf4_u4,1024,12,0,4,28.40607486914613,24.9,4
f64,2.932366082577094e-16,34.94,33.16,37.69,256,256,3,gemm_f64_mr3_nr12_kc256_mc256_nc1024_pf4_u1,1024,12,0,4,35.21590819491133,25.7,1
f64,2.932366082577094e-16,34.43,35.79,36.57,256,256,3,gemm_f64_mr3_nr12_kc256_mc256_nc1024_pf0_u2,1024,12,0,0,35.58585199078386,26.6,2
f64,2.932366082577094e-16,34.52,33.82,36.74,256,256,3,gemm_f64_mr3_nr12_kc256_mc256_nc1024_pf4_u2,1024,12,0,4,35.00253651727652,27.5,2
f64,2.932366082577094e-16,31.96,30.43,27.57,256,256,3,gemm_f64_mr3_nr12_kc256_mc256_nc1024_pf0_u4,1024,12,0,0,29.92794251555199,28.4,4
f64,2.932366082577094e-16,32.88,31.21,34.09,256,256,3,gemm_f64_mr3_nr12_kc256_mc256_nc1024_pf4_u4,1024,12,0,4,32.707829121358316,29.4,4
f64,2.932366082577094e-16,32.21,36.15,38.24,256,256,4,gemm_f64_mr4_nr8_kc256_mc256_nc1024_pf4_u1,1024,8,0,4,35.44146657495375,30.2,1
f64,2.932366082577094e-16,32.02,36.87,37.7,256,256,4,gemm_f64_mr4_nr8_kc256_mc256_nc1024_pf0_u2,1024,8,0,0,35.43783279375408,31.1,2
f64,2.932366082577094e-16,31.91,35.14,37.24,256,256,4,gemm_f64_mr4_nr8_kc256_mc256_nc1024_pf4_u2,1024,8,0,4,34.69178957122226,32.0,2
f64,2.932366082577094e-16,31.78,27.54,36.18,256,256,4,gemm_f64_mr4_nr8_kc256_mc256_nc1024_pf0_u4,1024,8,0,0,31.63806596080225,32.9,4
f64,2.932366082577094e-16,32.18,34.86,36.46,256,256,4,gemm_f64_mr4_nr8_kc256_mc256_nc1024_pf4_u4,1024,8,0,4,34.45455717149588,33.8,4
f64,4.994028870330931e-16,34.47,38.21,37.52,64,64,4,gemm_f64_mr4_nr12_kc64_mc64_nc256_pf4_u1,256,12,0,4,36.695789709864236,34.7,1
f64,4.994028870330931e-16,36.61,35.97,38.83,64,64,4,gemm_f64_mr4_nr12_kc64_mc64_nc512_pf4_u1,512,12,0,4,37.11805562471948,35.5,1
f64,4.994028870330931e-16,37.19,39.02,38.65,64,64,4,gemm_f64_mr4_nr12_kc64_mc64_nc1024_pf4_u1,1024,12,0,4,38.278061099374916,36.3,1
f64,4.994028870330931e-16,36.93,39.26,39.54,64,64,4,gemm_f64_mr4_nr12_kc64_mc64_nc2048_pf4_u1,2048,12,0,4,38.56198595571434,37.2,1
f64,4.994028870330931e-16,30.05,38.45,34.9,64,128,4,gemm_f64_mr4_nr12_kc64_mc128_nc256_pf4_u1,256,12,0,4,34.295273777785255,38.1,1
f64,4.994028870330931e-16,24.57,38.58,37.38,64,128,4,gemm_f64_mr4_nr12_kc64_mc128_nc512_pf4_u1,512,12,0,4,32.84677385986802,39.1,1
f64,4.994028870330931e-16,22.06,38.82,37.86,64,128,4,gemm_f64_mr4_nr12_kc64_mc128_nc1024_pf4_u1,1024,12,0,4,31.88633333958851,40.1,1
f64,4.994028870330931e-16,20.98,37.59,36.15,64,128,4,gemm_f64_mr4_nr12_kc64_mc128_nc2048_pf4_u1,2048,12,0,4,30.551025412552526,41.1,1
f64,4.994028870330931e-16,31.09,37.63,36.09,64,256,4,gemm_f64_mr4_nr12_kc64_mc256_nc256_pf4_u1,256,12,0,4,34.81974436180931,42.0,1
f64,4.994028870330931e-16,27.1,20.93,29.42,64,256,4,gemm_f64_mr4_nr12_kc64_mc256_nc512_pf4_u1,512,12,0,4,25.557654986281314,42.9,1
f64,4.994028870330931e-16,22.11,38.79,37.31,64,256,4,gemm_f64_mr4_nr12_kc64_mc256_nc1024_pf4_u1,1024,12,0,4,31.749385014196307,43.9,1
f64,4.994028870330931e-16,21.2,37.94,36.22,64,256,4,gemm_f64_mr4_nr12_kc64_mc256_nc2048_pf4_u1,2048,12,0,4,30.769318558028658,44.9,1
f64,4.994028870330931e-16,31.74,38.51,34.61,64,512,4,gemm_f64_mr4_nr12_kc64_mc512_nc256_pf4_u1,256,12,0,4,34.84522749361036,45.8,1
f64,4.994028870330931e-16,28.97,37.28,34.87,64,512,4,gemm_f64_mr4_nr12_kc64_mc512_nc512_pf4_u1,512,12,0,4,33.51780480272227,46.7,1
f64,4.994028870330931e-16,20.85,37.72,34.72,64,512,4,gemm_f64_mr4_nr12_kc64_mc512_nc1024_pf4_u1,1024,12,0,4,30.1123675105759,47.7,1
f64,4.994028870330931e-16,22.22,39.24,35.36,64,512,4,gemm_f64_mr4_nr12_kc64_mc512_nc2048_pf4_u1,2048,12,0,4,31.357379590935192,48.7,1
f64,2.932366082577094e-16,37.79,39.72,40.9,128,64,4,gemm_f64_mr4_nr12_kc128_mc64_nc256_pf4_u1,256,12,0,4,39.45085249422166,49.5,1
f64,2.932366082577094e-16,39.95,38.98,40.5,128,64,4,gemm_f64_mr4_nr12_kc128_mc64_nc512_pf4_u1,512,12,0,4,39.80476432010555,50.3,1
f64,2.932366082577094e-16,39.78,39.1,41.61,128,64,4,gemm_f64_mr4_nr12_kc128_mc64_nc1024_pf4_u1,1024,12,0,4,40.14819983262696,51.1,1
f64,2.932366082577094e-16,40.0,39.95,41.54,128,64,4,gemm_f64_mr4_nr12_kc128_mc64_nc2048_pf4_u1,2048,12,0,4,40.49049082690845,51.9,1
f64,2.932366082577094e-16,31.39,41.4,37.32,128,128,4,gemm_f64_mr4_nr12_kc128_mc128_nc256_pf4_u1,256,12,0,4,36.469732585795036,52.8,1
f64,2.932366082577094e-16,31.91,38.56,40.83,128,128,4,gemm_f64_mr4_nr12_kc128_mc128_nc512_pf4_u1,512,12,0,4,36.89865157024456,53.6,1
f64,2.932366082577094e-16,30.04,38.83,38.86,128,128,4,gemm_f64_mr4_nr12_kc128_mc128_nc1024_pf4_u1,1024,12,0,4,35.65511915529881,54.5,1
f64,2.932366082577094e-16,31.74,38.63,39.7,128,128,4,gemm_f64_mr4_nr12_kc128_mc128_nc2048_pf4_u1,2048,12,0,4,36.5110946080063,55.4,1
f64,2.932366082577094e-16,32.69,37.89,37.6,128,256,4,gemm_f64_mr4_nr12_kc128_mc256_nc256_pf4_u1,256,12,0,4,35.97719772432,56.2,1
f64,2.932366082577094e-16,34.84,39.37,41.01,128,256,4,gemm_f64_mr4_nr12_kc128_mc256_nc512_pf4_u1,512,12,0,4,38.316745183866416,57.1,1
f64,2.932366082577094e-16,30.89,38.82,40.32,128,256,4,gemm_f64_mr4_nr12_kc128_mc256_nc1024_pf4_u1,1024,12,0,4,36.429238252439475,57.9,1
f64,2.932366082577094e-16,30.69,39.65,39.79,128,256,4,gemm_f64_mr4_nr12_kc128_mc256_nc2048_pf4_u1,2048,12,0,4,36.44806224161989,58.8,1
f64,2.932366082577094e-16,34.37,37.79,36.67,128,512,4,gemm_f64_mr4_nr12_kc128_mc512_nc256_pf4_u1,256,12,0,4,36.24738883395401,59.7,1
f64,2.932366082577094e-16,35.07,38.54,39.83,128,512,4,gemm_f64_mr4_nr12_kc128_mc512_nc512_pf4_u1,512,12,0,4,37.75934056866947,60.5,1
f64,2.932366082577094e-16,32.65,38.78,39.63,128,512,4,gemm_f64_mr4_nr12_kc128_mc512_nc1024_pf4_u1,1024,12,0,4,36.886265908899226,61.4,1
f64,2.932366082577094e-16,29.52,41.34,40.01,128,512,4,gemm_f64_mr4_nr12_kc128_mc512_nc2048_pf4_u1,2048,12,0,4,36.54837701385709,62.2,1
f64,2.932366082577094e-16,40.06,37.45,41.31,192,64,4,gemm_f64_mr4_nr12_kc192_mc64_nc256_pf4_u1,256,12,0,4,39.5749211751934,63.0,1
f64,2.932366082577094e-16,39.68,38.82,41.1,192,64,4,gemm_f64_mr4_nr12_kc192_mc64_nc512_pf4_u1,512,12,0,4,39.85413670795271,63.8,1
f64,2.932366082577094e-16,39.96,26.64,31.88,192,64,4,gemm_f64_mr4_nr12_kc192_mc64_nc1024_pf4_u1,1024,12,0,4,32.37596411239525,64.8,1
f64,2.932366082577094e-16,40.7,37.53,41.44,192,64,4,gemm_f64_mr4_nr12_kc192_mc64_nc2048_pf4_u1,2048,12,0,4,39.854218757816476,65.6,1
f64,2.932366082577094e-16,34.97,41.0,39.59,192,128,4,gemm_f64_mr4_nr12_kc192_mc128_nc256_pf4_u1,256,12,0,4,38.43177397529792,66.4,1
f64,2.932366082577094e-16,33.74,38.67,39.78,192,128,4,gemm_f64_mr4_nr12_kc192_mc128_nc512_pf4_u1,512,12,0,4,37.30333336520881,67.3,1
f64,2.932366082577094e-16,35.48,35.48,32.34,192,128,4,gemm_f64_mr4_nr12_kc192_mc128_nc1024_pf4_u1,1024,12,0,4,34.40217823088329,68.2,1
f64,2.932366082577094e-16,34.52,36.76,37.96,192,128,4,gemm_f64_mr4_nr12_kc192_mc128_nc2048_pf4_u1,2048,12,0,4,36.385631045271225,69.0,1
f64,2.932366082577094e-16,34.72,37.32,39.51,192,256,4,gemm_f64_mr4_nr12_kc192_mc256_nc256_pf4_u1,256,12,0,4,37.13126445010441,69.9,1
f64,2.932366082577094e-16,33.21,37.55,38.81,192,256,4,gemm_f64_mr4_nr12_kc192_mc256_nc512_pf4_u1,512,12,0,4,36.44033543397379,70.7,1
f64,2.932366082577094e-16,35.47,37.98,37.04,192,256,4,gemm_f64_mr4_nr12_kc192_mc256_nc1024_pf4_u1,1024,12,0,4,36.81496500877737,71.5,1
f64,2.932366082577094e-16,35.17,26.16,29.03,192,256,4,gemm_f64_mr4_nr12_kc192_mc256_nc2048_pf4_u1,2048,12,0,4,29.891764695788552,72.5,1
f64,2.932366082577094e-16,34.69,36.72,36.92,192,512,4,gemm_f64_mr4_nr12_kc192_mc512_nc256_pf4_u1,256,12,0,4,36.09823968416365,73.4,1
f64,2.932366082577094e-16,35.92,37.25,37.5,192,512,4,gemm_f64_mr4_nr12_kc192_mc512_nc512_pf4_u1,512,12,0,4,36.88301815502133,74.2,1
f64,2.932366082577094e-16,34.92,37.61,38.84,192,512,4,gemm_f64_mr4_nr12_kc192_mc512_nc1024_pf4_u1,1024,12,0,4,37.08758858866878,75.1,1
f64,2.932366082577094e-16,36.77,37.61,39.08,192,512,4,gemm_f64_mr4_nr12_kc192_mc512_nc2048_pf4_u1,2048,12,0,4,37.808112470187,75.9,1
f64,2.932366082577094e-16,39.15,38.59,40.12,256,64,4,gemm_f64_mr4_nr12_kc256_mc64_nc256_pf4_u1,256,12,0,4,39.28195398276577,76.7,1
f64,2.932366082577094e-16,39.46,38.12,39.69,256,64,4,gemm_f64_mr4_nr12_kc256_mc64_nc512_pf4_u1,512,12,0,4,39.08237450769885,77.6,1
f64,2.932366082577094e-16,39.57,36.42,40.56,256,64,4,gemm_f64_mr4_nr12_kc256_mc64_nc1024_pf4_u1,1024,12,0,4,38.80739927604413,78.4,1
f64,2.932366082577094e-16,40.64,39.4,39.91,256,64,4,gemm_f64_mr4_nr12_kc256_mc64_nc2048_pf4_u1,2048,12,0,4,39.981874154113235,79.3,1
f64,2.932366082577094e-16,35.14,35.77,35.75,256,128,4,gemm_f64_mr4_nr12_kc256_mc128_nc256_pf4_u1,256,12,0,4,35.55435884455153,80.1,1
f64,2.932366082577094e-16,35.99,37.16,40.12,256,128,4,gemm_f64_mr4_nr12_kc256_mc128_nc512_pf4_u1,512,12,0,4,37.71741187346808,80.9,1
f64,2.932366082577094e-16,37.48,25.92,25.59,256,128,4,gemm_f64_mr4_nr12_kc256_mc128_nc1024_pf4_u1,1024,12,0,4,29.183971352184493,81.8,1
f64,2.932366082577094e-16,37.14,37.26,38.83,256,128,4,gemm_f64_mr4_nr12_kc256_mc128_nc2048_pf4_u1,2048,12,0,4,37.73464447081625,82.7,1
f64,2.932366082577094e-16,34.84,36.66,38.02,256,256,4,gemm_f64_mr4_nr12_kc256_mc256_nc256_pf4_u1,256,12,0,4,36.48334307073885,83.6,1
f64,2.932366082577094e-16,33.88,29.01,34.44,256,256,4,gemm_f64_mr4_nr12_kc256_mc256_nc512_pf4_u1,512,12,0,4,32.35229575021675,84.6,1
f64,2.932366082577094e-16,37.08,36.19,39.48,256,256,4,gemm_f64_mr4_nr12_kc256_mc256_nc2048_pf4_u1,2048,12,0,4,37.557141594472,85.4,1
f64,2.932366082577094e-16,36.43,36.2,37.21,256,512,4,gemm_f64_mr4_nr12_kc256_mc512_nc256_pf4_u1,256,12,0,4,36.61088967045922,86.3,1
f64,2.932366082577094e-16,37.43,36.96,37.59,256,512,4,gemm_f64_mr4_nr12_kc256_mc512_nc512_pf4_u1,512,12,0,4,37.32751651025788,87.1,1
f64,2.932366082577094e-16,37.49,34.33,39.37,256,512,4,gemm_f64_mr4_nr12_kc256_mc512_nc1024_pf4_u1,1024,12,0,4,37.00753144913689,88.0,1
f64,2.932366082577094e-16,35.91,36.55,39.11,256,512,4,gemm_f64_mr4_nr12_kc256_mc512_nc2048_pf4_u1,2048,12,0,4,37.16179010545428,88.8,1
f64,2.932366082577094e-16,39.37,39.29,40.36,384,64,4,gemm_f64_mr4_nr12_kc384_mc64_nc256_pf4_u1,256,12,0,4,39.67023702240332,89.7,1
f64,2.932366082577094e-16,40.71,38.52,40.98,384,64,4,gemm_f64_mr4_nr12_kc384_mc64_nc512_pf4_u1,512,12,0,4,40.05579626091936,90.5,1
f64,2.932366082577094e-16,42.44,38.61,41.18,384,64,4,gemm_f64_mr4_nr12_kc384_mc64_nc1024_pf4_u1,1024,12,0,4,40.713015724122144,91.3,1
f64,2.932366082577094e-16,41.15,38.44,41.43,384,64,4,gemm_f64_mr4_nr12_kc384_mc64_nc2048_pf4_u1,2048,12,0,4,40.316570417713926,92.1,1
f64,2.932366082577094e-16,37.11,39.47,37.42,384,128,4,gemm_f64_mr4_nr12_kc384_mc128_nc256_pf4_u1,256,12,0,4,37.98461430665221,92.9,1
f64,2.932366082577094e-16,39.06,37.84,33.79,384,128,4,gemm_f64_mr4_nr12_kc384_mc128_nc512_pf4_u1,512,12,0,4,36.82549498598242,93.7,1
f64,2.932366082577094e-16,38.47,37.0,35.04,384,128,4,gemm_f64_mr4_nr12_kc384_mc128_nc1024_pf4_u1,1024,12,0,4,36.8101451538388,94.6,1
f64,2.932366082577094e-16,37.71,38.22,35.47,384,128,4,gemm_f64_mr4_nr12_kc384_mc128_nc2048_pf4_u1,2048,12,0,4,37.112464045663,95.4,1
f64,2.932366082577094e-16,36.79,37.24,37.35,384,256,4,gemm_f64_mr4_nr12_kc384_mc256_nc256_pf4_u1,256,12,0,4,37.12312869514289,96.2,1
f64,2.932366082577094e-16,39.3,37.63,38.71,384,256,4,gemm_f64_mr4_nr12_kc384_mc256_nc512_pf4_u1,512,12,0,4,38.53991074190993,97.0,1
f64,2.932366082577094e-16,38.07,35.65,27.06,384,256,4,gemm_f64_mr4_nr12_kc384_mc256_nc1024_pf4_u1,1024,12,0,4,33.23843259588691,97.9,1
f64,2.932366082577094e-16,38.62,37.31,39.24,384,256,4,gemm_f64_mr4_nr12_kc384_mc256_nc2048_pf4_u1,2048,12,0,4,38.38234557764225,98.7,1
f64,2.932366082577094e-16,38.66,37.45,38.94,384,512,4,gemm_f64_mr4_nr12_kc384_mc512_nc256_pf4_u1,256,12,0,4,38.344799103131486,99.5,1
f64,2.932366082577094e-16,40.85,40.91,40.32,384,512,4,gemm_f64_mr4_nr12_kc384_mc512_nc512_pf4_u1,512,12,0,4,40.694299759015,100.3,1
f64,2.932366082577094e-16,40.12,38.44,40.37,384,512,4,gemm_f64_mr4_nr12_kc384_mc512_nc1024_pf4_u1,1024,12,0,4,39.63595062751047,101.1,1
f64,2.932366082577094e-16,40.35,41.4,41.31,384,512,4,gemm_f64_mr4_nr12_kc384_mc512_nc2048_pf4_u1,2048,12,0,4,41.01838891617551,101.9,1
f64,2.932366082577094e-16,39.51,40.89,41.59,512,64,4,gemm_f64_mr4_nr12_kc512_mc64_nc256_pf4_u1,256,12,0,4,40.65299924576422,102.7,1
f64,2.932366082577094e-16,39.46,23.17,32.65,512,64,4,gemm_f64_mr4_nr12_kc512_mc64_nc512_pf4_u1,512,12,0,4,31.022507284404824,103.5,1
f64,2.932366082577094e-16,39.71,39.72,40.74,512,64,4,gemm_f64_mr4_nr12_kc512_mc64_nc1024_pf4_u1,1024,12,0,4,40.054860349490106,104.3,1
f64,2.932366082577094e-16,41.79,40.93,42.47,512,64,4,gemm_f64_mr4_nr12_kc512_mc64_nc2048_pf4_u1,2048,12,0,4,41.72342246181115,105.1,1
f64,2.932366082577094e-16,38.13,42.18,41.04,512,128,4,gemm_f64_mr4_nr12_kc512_mc128_nc256_pf4_u1,256,12,0,4,40.41059298556008,106.0,1
f64,2.932366082577094e-16,40.52,39.28,41.4,512,128,4,gemm_f64_mr4_nr12_kc512_mc128_nc512_pf4_u1,512,12,0,4,40.388830248427844,106.8,1
f64,2.932366082577094e-16,38.83,38.57,41.36,512,128,4,gemm_f64_mr4_nr12_kc512_mc128_nc1024_pf4_u1,1024,12,0,4,39.566358290338314,107.6,1
f64,2.932366082577094e-16,39.61,40.2,40.81,512,128,4,gemm_f64_mr4_nr12_kc512_mc128_nc2048_pf4_u1,2048,12,0,4,40.20696335147748,108.4,1
f64,2.932366082577094e-16,37.75,37.95,37.58,512,256,4,gemm_f64_mr4_nr12_kc512_mc256_nc256_pf4_u1,256,12,0,4,37.760034077001364,109.2,1
f64,2.932366082577094e-16,39.46,39.5,40.67,512,256,4,gemm_f64_mr4_nr12_kc512_mc256_nc512_pf4_u1,512,12,0,4,39.87175567377278,110.1,1
f64,2.932366082577094e-16,39.23,31.96,39.73,512,256,4,gemm_f64_mr4_nr12_kc512_mc256_nc1024_pf4_u1,1024,12,0,4,36.79677883034612,110.9,1
f64,2.932366082577094e-16,39.9,39.83,41.12,512,256,4,gemm_f64_mr4_nr12_kc512_mc256_nc2048_pf4_u1,2048,12,0,4,40.279735963134506,111.7,1
f64,2.932366082577094e-16,37.75,35.43,38.87,512,512,4,gemm_f64_mr4_nr12_kc512_mc512_nc256_pf4_u1,256,12,0,4,37.324138355437306,112.5,1
f64,2.932366082577094e-16,38.87,39.71,40.21,512,512,4,gemm_f64_mr4_nr12_kc512_mc512_nc512_pf4_u1,512,12,0,4,39.591812777190334,113.3,1
f64,2.932366082577094e-16,38.76,37.87,42.12,512,512,4,gemm_f64_mr4_nr12_kc512_mc512_nc1024_pf4_u1,1024,12,0,4,39.53868284085526,114.1,1
f64,2.932366082577094e-16,39.42,41.45,41.46,512,512,4,gemm_f64_mr4_nr12_kc512_mc512_nc2048_pf4_u1,2048,12,0,4,40.768140565601335,114.9,1
f64,4.994028870330931e-16,35.31,37.88,38.19,64,64,6,gemm_f64_mr6_nr8_kc64_mc64_nc256_pf4_u1,256,8,0,4,37.103547252311344,115.8,1
f64,4.994028870330931e-16,36.39,38.24,39.46,64,64,6,gemm_f64_mr6_nr8_kc64_mc64_nc512_pf4_u1,512,8,0,4,38.01141301558444,116.6,1
f64,4.994028870330931e-16,36.05,39.69,38.11,64,64,6,gemm_f64_mr6_nr8_kc64_mc64_nc1024_pf4_u1,1024,8,0,4,37.91798423265288,117.4,1
f64,4.994028870330931e-16,37.36,39.71,39.1,64,64,6,gemm_f64_mr6_nr8_kc64_mc64_nc2048_pf4_u1,2048,8,0,4,38.709964419074936,118.2,1
f64,4.994028870330931e-16,31.9,37.97,34.47,64,128,6,gemm_f64_mr6_nr8_kc64_mc128_nc256_pf4_u1,256,8,0,4,34.69287176371514,119.1,1
f64,4.994028870330931e-16,30.38,39.56,38.22,64,128,6,gemm_f64_mr6_nr8_kc64_mc128_nc512_pf4_u1,512,8,0,4,35.81176556176841,120.0,1
f64,4.994028870330931e-16,24.62,39.63,35.63,64,128,6,gemm_f64_mr6_nr8_kc64_mc128_nc1024_pf4_u1,1024,8,0,4,32.63612625157916,121.0,1
f64,4.994028870330931e-16,26.56,40.68,37.78,64,128,6,gemm_f64_mr6_nr8_kc64_mc128_nc2048_pf4_u1,2048,8,0,4,34.42990879996665,121.9,1
f64,4.994028870330931e-16,31.76,38.18,34.86,64,256,6,gemm_f64_mr6_nr8_kc64_mc256_nc256_pf4_u1,256,8,0,4,34.834475490473025,122.8,1
f64,4.994028870330931e-16,29.39,38.75,37.76,64,256,6,gemm_f64_mr6_nr8_kc64_mc256_nc512_pf4_u1,512,8,0,4,35.03770905038698,123.7,1
f64,4.994028870330931e-16,30.75,38.03,35.68,64,256,6,gemm_f64_mr6_nr8_kc64_mc256_nc1024_pf4_u1,1024,8,0,4,34.68367499897639,124.6,1
f64,4.994028870330931e-16,25.78,36.93,38.1,64,256,6,gemm_f64_mr6_nr8_kc64_mc256_nc2048_pf4_u1,2048,8,0,4,33.1033019174109,125.5,1
f64,4.994028870330931e-16,31.29,39.56,34.86,64,512,6,gemm_f64_mr6_nr8_kc64_mc512_nc256_pf4_u1,256,8,0,4,35.076400452026725,126.4,1
f64,4.994028870330931e-16,27.46,36.57,36.33,64,512,6,gemm_f64_mr6_nr8_kc64_mc512_nc512_pf4_u1,512,8,0,4,33.16535784307714,127.3,1
f64,4.994028870330931e-16,22.26,38.1,33.92,64,512,6,gemm_f64_mr6_nr8_kc64_mc512_nc1024_pf4_u1,1024,8,0,4,30.64330757430324,128.3,1
f64,4.994028870330931e-16,21.99,39.03,35.07,64,512,6,gemm_f64_mr6_nr8_kc64_mc512_nc2048_pf4_u1,2048,8,0,4,31.106117118980066,129.3,1
f64,2.932366082577094e-16,38.16,39.31,39.74,128,64,6,gemm_f64_mr6_nr8_kc128_mc64_nc256_pf4_u1,256,8,0,4,39.06458360762667,130.1,1
f64,2.932366082577094e-16,38.51,39.09,41.26,128,64,6,gemm_f64_mr6_nr8_kc128_mc64_nc512_pf4_u1,512,8,0,4,39.60283819042656,130.9,1
f64,2.932366082577094e-16,37.77,39.62,39.37,128,64,6,gemm_f64_mr6_nr8_kc128_mc64_nc1024_pf4_u1,1024,8,0,4,38.91269711427806,131.7,1
f64,2.932366082577094e-16,37.67,39.67,39.88,128,64,6,gemm_f64_mr6_nr8_kc128_mc64_nc2048_pf4_u1,2048,8,0,4,39.061279088665486,132.5,1
f64,2.932366082577094e-16,32.23,40.92,38.47,128,128,6,gemm_f64_mr6_nr8_kc128_mc128_nc256_pf4_u1,256,8,0,4,37.02288688388762,133.4,1
f64,2.932366082577094e-16,28.74,37.46,38.11,128,128,6,gemm_f64_mr6_nr8_kc128_mc128_nc512_pf4_u1,512,8,0,4,34.489747933038586,134.3,1
f64,2.932366082577094e-16,28.92,40.64,38.48,128,128,6,gemm_f64_mr6_nr8_kc128_mc128_nc1024_pf4_u1,1024,8,0,4,35.62658217875468,135.2,1
f64,2.932366082577094e-16,28.97,39.09,38.19,128,128,6,gemm_f64_mr6_nr8_kc128_mc128_nc2048_pf4_u1,2048,8,0,4,35.10402610819853,136.1,1
f64,2.932366082577094e-16,31.34,38.84,36.77,128,256,6,gemm_f64_mr6_nr8_kc128_mc256_nc256_pf4_u1,256,8,0,4,35.50638406088456,136.9,1
f64,2.932366082577094e-16,32.06,22.95,21.11,128,256,6,gemm_f64_mr6_nr8_kc128_mc256_nc512_pf4_u1,512,8,0,4,24.949610792625116,137.9,1
f64,2.932366082577094e-16,30.07,38.75,39.07,128,256,6,gemm_f64_mr6_nr8_kc128_mc256_nc1024_pf4_u1,1024,8,0,4,35.704774583925044,138.7,1
f64,2.932366082577094e-16,26.46,38.69,39.81,128,256,6,gemm_f64_mr6_nr8_kc128_mc256_nc2048_pf4_u1,2048,8,0,4,34.41186073494846,139.6,1
f64,2.932366082577094e-16,32.7,40.32,37.36,128,512,6,gemm_f64_mr6_nr8_kc128_mc512_nc256_pf4_u1,256,8,0,4,36.65600897570362,140.5,1
f64,2.932366082577094e-16,29.15,39.73,36.63,128,512,6,gemm_f64_mr6_nr8_kc128_mc512_nc512_pf4_u1,512,8,0,4,34.87529105736511,141.4,1
f64,2.932366082577094e-16,28.47,38.06,34.82,128,512,6,gemm_f64_mr6_nr8_kc128_mc512_nc1024_pf4_u1,1024,8,0,4,33.53894151053412,142.3,1
f64,2.932366082577094e-16,29.36,40.16,36.98,128,512,6,gemm_f64_mr6_nr8_kc128_mc512_nc2048_pf4_u1,2048,8,0,4,35.197426502083,143.2,1
f64,2.932366082577094e-16,39.46,38.32,39.41,192,64,6,gemm_f64_mr6_nr8_kc192_mc64_nc256_pf4_u1,256,8,0,4,39.06332061742576,144.0,1
f64,2.932366082577094e-16,39.29,36.56,40.82,192,64,6,gemm_f64_mr6_nr8_kc192_mc64_nc512_pf4_u1,512,8,0,4,38.85073470586831,144.8,1
f64,2.932366082577094e-16,40.19,39.68,40.84,192,64,6,gemm_f64_mr6_nr8_kc192_mc64_nc1024_pf4_u1,1024,8,0,4,40.231349534380925,145.6,1
f64,2.932366082577094e-16,41.14,38.19,40.53,192,64,6,gemm_f64_mr6_nr8_kc192_mc64_nc2048_pf4_u1,2048,8,0,4,39.93385865781392,146.4,1
f64,2.932366082577094e-16,34.48,40.66,38.86,192,128,6,gemm_f64_mr6_nr8_kc192_mc128_nc256_pf4_u1,256,8,0,4,37.91084025623268,147.3,1
f64,2.932366082577094e-16,33.83,38.65,38.96,192,128,6,gemm_f64_mr6_nr8_kc192_mc128_nc512_pf4_u1,512,8,0,4,37.072030922673875,148.1,1
f64,2.932366082577094e-16,34.81,38.41,39.36,192,128,6,gemm_f64_mr6_nr8_kc192_mc128_nc1024_pf4_u1,1024,8,0,4,37.47568274190745,148.9,1
f64,2.932366082577094e-16,34.33,38.34,39.36,192,128,6,gemm_f64_mr6_nr8_kc192_mc128_nc2048_pf4_u1,2048,8,0,4,37.27862397804985,149.8,1
f64,2.932366082577094e-16,34.27,38.62,38.82,192,256,6,gemm_f64_mr6_nr8_kc192_mc256_nc256_pf4_u1,256,8,0,4,37.17874702805024,150.6,1
f64,2.932366082577094e-16,33.61,37.7,38.76,192,256,6,gemm_f64_mr6_nr8_kc192_mc256_nc512_pf4_u1,512,8,0,4,36.62430433221896,151.5,1
f64,2.932366082577094e-16,33.52,38.85,39.63,192,256,6,gemm_f64_mr6_nr8_kc192_mc256_nc1024_pf4_u1,1024,8,0,4,37.23099220952881,152.3,1
f64,2.932366082577094e-16,33.92,39.99,40.26,192,256,6,gemm_f64_mr6_nr8_kc192_mc256_nc2048_pf4_u1,2048,8,0,4,37.93886343552226,153.1,1
f64,2.932366082577094e-16,34.04,38.55,36.94,192,512,6,gemm_f64_mr6_nr8_kc192_mc512_nc256_pf4_u1,256,8,0,4,36.46245272426473,154.0,1
f64,2.932366082577094e-16,33.5,39.43,37.72,192,512,6,gemm_f64_mr6_nr8_kc192_mc512_nc512_pf4_u1,512,8,0,4,36.79487897402187,154.8,1
f64,2.932366082577094e-16,33.33,37.87,37.71,192,512,6,gemm_f64_mr6_nr8_kc192_mc512_nc1024_pf4_u1,1024,8,0,4,36.23880610756281,155.6,1
f64,2.932366082577094e-16,34.53,39.55,37.29,192,512,6,gemm_f64_mr6_nr8_kc192_mc512_nc2048_pf4_u1,2048,8,0,4,37.06420186773528,156.5,1
f64,2.932366082577094e-16,39.65,38.66,41.1,256,64,6,gemm_f64_mr6_nr8_kc256_mc64_nc256_pf4_u1,256,8,0,4,39.79166527396438,157.3,1
f64,2.932366082577094e-16,39.61,40.27,39.78,256,64,6,gemm_f64_mr6_nr8_kc256_mc64_nc512_pf4_u1,512,8,0,4,39.88481124739448,158.1,1
f64,2.932366082577094e-16,40.57,40.56,40.93,256,64,6,gemm_f64_mr6_nr8_kc256_mc64_nc1024_pf4_u1,1024,8,0,4,40.685244650370414,158.8,1
f64,2.932366082577094e-16,40.55,38.86,40.27,256,64,6,gemm_f64_mr6_nr8_kc256_mc64_nc2048_pf4_u1,2048,8,0,4,39.88780571396826,159.6,1
f64,2.932366082577094e-16,34.9,36.75,36.48,256,128,6,gemm_f64_mr6_nr8_kc256_mc128_nc256_pf4_u1,256,8,0,4,36.032713013437395,160.5,1
f64,2.932366082577094e-16,35.95,39.59,37.91,256,128,6,gemm_f64_mr6_nr8_kc256_mc128_nc512_pf4_u1,512,8,0,4,37.78778312500717,161.3,1
f64,2.932366082577094e-16,36.24,38.28,37.91,256,128,6,gemm_f64_mr6_nr8_kc256_mc128_nc1024_pf4_u1,1024,8,0,4,37.46768062546722,162.1,1
f64,2.932366082577094e-16,32.56,39.08,36.21,256,128,6,gemm_f64_mr6_nr8_kc256_mc128_nc2048_pf4_u1,2048,8,0,4,35.85073282200549,163.0,1
f64,2.932366082577094e-16,34.09,37.97,38.47,256,256,6,gemm_f64_mr6_nr8_kc256_mc256_nc256_pf4_u1,256,8,0,4,36.78873819649183,163.8,1
f64,2.932366082577094e-16,35.21,39.52,40.39,256,256,6,gemm_f64_mr6_nr8_kc256_mc256_nc512_pf4_u1,512,8,0,4,38.30151959234973,164.6,1
f64,2.932366082577094e-16,34.1,39.24,38.88,256,256,6,gemm_f64_mr6_nr8_kc256_mc256_nc2048_pf4_u1,2048,8,0,4,37.33063891959646,165.5,1
f64,2.932366082577094e-16,35.04,38.43,37.47,256,512,6,gemm_f64_mr6_nr8_kc256_mc512_nc256_pf4_u1,256,8,0,4,36.955016128314206,166.3,1
f64,2.932366082577094e-16,33.51,37.97,36.9,256,512,6,gemm_f64_mr6_nr8_kc256_mc512_nc512_pf4_u1,512,8,0,4,36.07323309560277,167.2,1
f64,2.932366082577094e-16,34.07,38.48,37.65,256,512,6,gemm_f64_mr6_nr8_kc256_mc512_nc1024_pf4_u1,1024,8,0,4,36.68397800426581,168.0,1
f64,2.932366082577094e-16,33.84,39.86,36.82,256,512,6,gemm_f64_mr6_nr8_kc256_mc512_nc2048_pf4_u1,2048,8,0,4,36.75877297046101,168.8,1
f64,2.932366082577094e-16,38.1,39.18,40.76,384,64,6,gemm_f64_mr6_nr8_kc384_mc64_nc256_pf4_u1,256,8,0,4,39.333885409866106,169.6,1
f64,2.932366082577094e-16,39.64,38.49,41.88,384,64,6,gemm_f64_mr6_nr8_kc384_mc64_nc512_pf4_u1,512,8,0,4,39.97779595419368,170.4,1
f64,2.932366082577094e-16,40.68,37.61,41.37,384,64,6,gemm_f64_mr6_nr8_kc384_mc64_nc1024_pf4_u1,1024,8,0,4,39.85506096046899,171.2,1
f64,2.932366082577094e-16,40.34,39.26,41.7,384,64,6,gemm_f64_mr6_nr8_kc384_mc64_nc2048_pf4_u1,2048,8,0,4,40.423029250826225,172.0,1
f64,2.932366082577094e-16,36.22,38.91,36.51,384,128,6,gemm_f64_mr6_nr8_kc384_mc128_nc256_pf4_u1,256,8,0,4,37.194219334635186,172.9,1
f64,2.932366082577094e-16,35.41,38.02,37.88,384,128,6,gemm_f64_mr6_nr8_kc384_mc128_nc512_pf4_u1,512,8,0,4,37.08506997023111,173.7,1
f64,2.932366082577094e-16,32.71,37.63,36.85,384,128,6,gemm_f64_mr6_nr8_kc384_mc128_nc1024_pf4_u1,1024,8,0,4,35.66416551826866,174.6,1
f64,2.932366082577094e-16,39.63,35.96,28.82,384,128,6,gemm_f64_mr6_nr8_kc384_mc128_nc2048_pf4_u1,2048,8,0,4,34.50462903509947,175.6,1
f64,2.932366082577094e-16,38.09,39.98,38.68,384,256,6,gemm_f64_mr6_nr8_kc384_mc256_nc256_pf4_u1,256,8,0,4,38.91052848029827,176.4,1
f64,2.932366082577094e-16,36.45,37.23,35.92,384,256,6,gemm_f64_mr6_nr8_kc384_mc256_nc512_pf4_u1,512,8,0,4,36.53204242097679,177.2,1
f64,2.932366082577094e-16,36.41,37.57,36.73,384,256,6,gemm_f64_mr6_nr8_kc384_mc256_nc1024_pf4_u1,1024,8,0,4,36.89888979192461,178.1,1
f64,2.932366082577094e-16,36.56,37.83,38.68,384,256,6,gemm_f64_mr6_nr8_kc384_mc256_nc2048_pf4_u1,2048,8,0,4,37.680702439697484,178.9,1
f64,2.932366082577094e-16,34.4,38.77,35.88,384,512,6,gemm_f64_mr6_nr8_kc384_mc512_nc256_pf4_u1,256,8,0,4,36.30672305235559,179.8,1
f64,2.932366082577094e-16,34.99,39.15,36.93,384,512,6,gemm_f64_mr6_nr8_kc384_mc512_nc512_pf4_u1,512,8,0,4,36.98280757718378,180.6,1
f64,2.932366082577094e-16,34.94,35.39,35.8,384,512,6,gemm_f64_mr6_nr8_kc384_mc512_nc1024_pf4_u1,1024,8,0,4,35.374540731066425,181.4,1
f64,2.932366082577094e-16,34.85,36.31,35.85,384,512,6,gemm_f64_mr6_nr8_kc384_mc512_nc2048_pf4_u1,2048,8,0,4,35.66395043198494,182.3,1
f64,2.932366082577094e-16,37.88,39.08,38.76,512,64,6,gemm_f64_mr6_nr8_kc512_mc64_nc256_pf4_u1,256,8,0,4,38.56718366500215,183.1,1
f64,2.932366082577094e-16,37.73,38.1,38.99,512,64,6,gemm_f64_mr6_nr8_kc512_mc64_nc512_pf4_u1,512,8,0,4,38.27339516311015,183.9,1
f64,2.932366082577094e-16,38.4,37.85,36.26,512,64,6,gemm_f64_mr6_nr8_kc512_mc64_nc1024_pf4_u1,1024,8,0,4,37.492579243664,184.7,1
f64,2.932366082577094e-16,39.15,38.53,39.33,512,64,6,gemm_f64_mr6_nr8_kc512_mc64_nc2048_pf4_u1,2048,8,0,4,38.99867675698683,185.5,1
f64,2.932366082577094e-16,36.28,37.47,38.32,512,128,6,gemm_f64_mr6_nr8_kc512_mc128_nc256_pf4_u1,256,8,0,4,37.34579296171483,186.3,1
f64,2.932366082577094e-16,37.0,35.84,39.36,512,128,6,gemm_f64_mr6_nr8_kc512_mc128_nc512_pf4_u1,512,8,0,4,37.37076571181589,187.2,1
f64,2.932366082577094e-16,37.73,37.85,38.93,512,128,6,gemm_f64_mr6_nr8_kc512_mc128_nc1024_pf4_u1,1024,8,0,4,38.16487256408947,188.0,1
f64,2.932366082577094e-16,36.65,39.66,39.68,512,128,6,gemm_f64_mr6_nr8_kc512_mc128_nc2048_pf4_u1,2048,8,0,4,38.6372906494886,188.8,1
f64,2.932366082577094e-16,35.98,38.58,37.61,512,256,6,gemm_f64_mr6_nr8_kc512_mc256_nc256_pf4_u1,256,8,0,4,37.3723669715518,189.6,1
f64,2.932366082577094e-16,37.34,37.29,38.56,512,256,6,gemm_f64_mr6_nr8_kc512_mc256_nc512_pf4_u1,512,8,0,4,37.72504218933002,190.5,1
f64,2.932366082577094e-16,36.47,39.2,38.74,512,256,6,gemm_f64_mr6_nr8_kc512_mc256_nc1024_pf4_u1,1024,8,0,4,38.11809410905066,191.3,1
f64,2.932366082577094e-16,36.65,40.08,38.44,512,256,6,gemm_f64_mr6_nr8_kc512_mc256_nc2048_pf4_u1,2048,8,0,4,38.365391946526465,192.1,1
f64,2.932366082577094e-16,35.97,38.65,34.19,512,512,6,gemm_f64_mr6_nr8_kc512_mc512_nc256_pf4_u1,256,8,0,4,36.222594330609994,192.9,1
f64,2.932366082577094e-16,34.57,42.19,37.68,512,512,6,gemm_f64_mr6_nr8_kc512_mc512_nc512_pf4_u1,512,8,0,4,38.02299780243497,193.8,1
f64,2.932366082577094e-16,36.03,40.72,36.45,512,512,6,gemm_f64_mr6_nr8_kc512_mc512_nc1024_pf4_u1,1024,8,0,4,37.67488203947806,194.7,1
f64,2.932366082577094e-16,30.79,37.94,36.51,512,512,6,gemm_f64_mr6_nr8_kc512_mc512_nc2048_pf4_u1,2048,8,0,4,34.94086313330571,195.6,1
f64,2.932366082577094e-16,41.75,39.41,41.35,448,64,4,gemm_f64_mr4_nr12_kc448_mc64_nc2048_pf4_u1,2048,12,0,4,40.820086625874794,196.5,1
f64,2.932366082577094e-16,39.53,40.29,41.57,448,128,4,gemm_f64_mr4_nr12_kc448_mc128_nc2048_pf4_u1,2048,12,0,4,40.45501410330986,197.4,1
f64,2.932366082577094e-16,39.88,40.08,41.43,448,192,4,gemm_f64_mr4_nr12_kc448_mc192_nc2048_pf4_u1,2048,12,0,4,40.45617003374599,198.4,1
f64,2.932366082577094e-16,39.53,40.96,42.56,512,192,4,gemm_f64_mr4_nr12_kc512_mc192_nc2048_pf4_u1,2048,12,0,4,40.998840316419205,199.3,1
f64,2.932366082577094e-16,42.02,41.11,42.18,576,64,4,gemm_f64_mr4_nr12_kc576_mc64_nc2048_pf4_u1,2048,12,0,4,41.76493016858317,200.2,1
f64,2.932366082577094e-16,37.72,39.01,42.26,576,128,4,gemm_f64_mr4_nr12_kc576_mc128_nc2048_pf4_u1,2048,12,0,4,39.617952548430615,201.2,1
f64,2.932366082577094e-16,37.44,38.17,40.73,576,192,4,gemm_f64_mr4_nr12_kc576_mc192_nc2048_pf4_u1,2048,12,0,4,38.75667309774074,202.1,1
f64,2.932366082577094e-16,40.48,37.85,40.34,640,64,4,gemm_f64_mr4_nr12_kc640_mc64_nc2048_pf4_u1,2048,12,0,4,39.53542121869856,203.0,1
f64,2.932366082577094e-16,37.57,38.67,40.57,640,128,4,gemm_f64_mr4_nr12_kc640_mc128_nc2048_pf4_u1,2048,12,0,4,38.919593737298584,204.0,1
f64,2.932366082577094e-16,37.79,38.61,40.58,640,192,4,gemm_f64_mr4_nr12_kc640_mc192_nc2048_pf4_u1,2048,12,0,4,38.97625723223757,204.9,1
f64,2.932366082577094e-16,35.88,38.21,38.98,320,448,4,gemm_f64_mr4_nr12_kc320_mc448_nc2048_pf4_u1,2048,12,0,4,37.66554970393114,205.9,1
f64,2.932366082577094e-16,36.39,40.21,40.1,320,512,4,gemm_f64_mr4_nr12_kc320_mc512_nc2048_pf4_u1,2048,12,0,4,38.85933026071826,206.9,1
f64,2.932366082577094e-16,36.74,40.45,40.31,320,576,4,gemm_f64_mr4_nr12_kc320_mc576_nc2048_pf4_u1,2048,12,0,4,39.130229261971806,207.8,1
f64,2.932366082577094e-16,36.71,36.81,37.89,320,640,4,gemm_f64_mr4_nr12_kc320_mc640_nc2048_pf4_u1,2048,12,0,4,37.133206235983096,208.8,1
f64,2.932366082577094e-16,39.03,38.06,38.67,384,448,4,gemm_f64_mr4_nr12_kc384_mc448_nc2048_pf4_u1,2048,12,0,4,38.58806886335803,209.7,1
f64,2.932366082577094e-16,38.63,36.51,38.2,384,576,4,gemm_f64_mr4_nr12_kc384_mc576_nc2048_pf4_u1,2048,12,0,4,37.76923602820017,210.7,1
f64,2.932366082577094e-16,38.82,37.75,38.24,384,640,4,gemm_f64_mr4_nr12_kc384_mc640_nc2048_pf4_u1,2048,12,0,4,38.2661019760307,211.7,1
f64,2.932366082577094e-16,38.7,38.8,38.31,448,448,4,gemm_f64_mr4_nr12_kc448_mc448_nc2048_pf4_u1,2048,12,0,4,38.604110532368985,212.6,1
f64,2.932366082577094e-16,38.89,36.6,38.84,448,512,4,gemm_f64_mr4_nr12_kc448_mc512_nc2048_pf4_u1,2048,12,0,4,38.09770513629544,213.5,1
f64,2.932366082577094e-16,38.82,36.99,39.16,448,576,4,gemm_f64_mr4_nr12_kc448_mc576_nc2048_pf4_u1,2048,12,0,4,38.30924669123409,214.5,1
f64,2.932366082577094e-16,39.7,37.76,39.63,448,640,4,gemm_f64_mr4_nr12_kc448_mc640_nc2048_pf4_u1,2048,12,0,4,39.0211978916895,215.5,1
f64,2.932366082577094e-16,37.79,38.4,40.84,512,448,4,gemm_f64_mr4_nr12_kc512_mc448_nc2048_pf4_u1,2048,12,0,4,38.98571923010002,216.4,1
f64,2.932366082577094e-16,39.04,37.95,40.69,512,576,4,gemm_f64_mr4_nr12_kc512_mc576_nc2048_pf4_u1,2048,12,0,4,39.21129498811728,217.4,1
f64,2.932366082577094e-16,38.56,38.95,39.71,512,640,4,gemm_f64_mr4_nr12_kc512_mc640_nc2048_pf4_u1,2048,12,0,4,39.07035112622814,218.3,1
f32,3.335815564474859e-07,24.36,26.46,26.8,256,256,2,gemm_f32_mr2_nr8_kc256_mc256_nc1024_pf0_u1,1024,8,0,0,25.854658551944585,219.8,1
f32,3.335815564474859e-07,34.04,35.58,37.23,256,256,3,gemm_f32_mr3_nr8_kc256_mc256_nc1024_pf0_u1,1024,8,0,0,35.59376690776497,220.7,1
f32,3.335815564474859e-07,43.32,46.46,45.93,256,256,4,gemm_f32_mr4_nr8_kc256_mc256_nc1024_pf0_u1,1024,8,0,0,45.21345614347796,221.5,1
f32,3.335815564474859e-07,55.95,61.54,62.1,256,256,6,gemm_f32_mr6_nr8_kc256_mc256_nc1024_pf0_u1,1024,8,0,0,59.795429487784695,222.2,1
f32,3.335815564474859e-07,65.4,66.17,69.25,256,256,8,gemm_f32_mr8_nr8_kc256_mc256_nc1024_pf0_u1,1024,8,0,0,66.91807672184615,222.9,1
f32,3.335815564474859e-07,66.73,70.56,72.05,256,256,10,gemm_f32_mr10_nr8_kc256_mc256_nc1024_pf0_u1,1024,8,0,0,69.74472886268721,223.6,1
f32,3.335815564474859e-07,66.32,69.04,70.98,256,256,12,gemm_f32_mr12_nr8_kc256_mc256_nc1024_pf0_u1,1024,8,0,0,68.7527510796645,224.4,1
f32,3.335815564474859e-07,41.29,46.29,48.95,256,256,2,gemm_f32_mr2_nr16_kc256_mc256_nc1024_pf0_u1,1024,16,0,0,45.39726481593508,225.2,1
f32,3.335815564474859e-07,63.16,65.25,65.41,256,256,3,gemm_f32_mr3_nr16_kc256_mc256_nc1024_pf0_u1,1024,16,0,0,64.5984074489924,225.9,1
f32,3.335815564474859e-07,71.68,66.05,76.16,256,256,4,gemm_f32_mr4_nr16_kc256_mc256_nc1024_pf0_u1,1024,16,0,0,71.17445089286198,226.6,1
f32,3.335815564474859e-07,84.61,77.94,84.95,256,256,6,gemm_f32_mr6_nr16_kc256_mc256_nc1024_pf0_u1,1024,16,0,0,82.43560459972761,227.3,1
f32,3.335815564474859e-07,63.69,60.92,66.78,256,256,2,gemm_f32_mr2_nr24_kc256_mc256_nc1024_pf0_u1,1024,24,0,0,63.749976283310566,228.0,1
f32,3.335815564474859e-07,78.01,71.32,76.59,256,256,3,gemm_f32_mr3_nr24_kc256_mc256_nc1024_pf0_u1,1024,24,0,0,75.25019470434025,228.6,1
f32,3.335815564474859e-07,86.67,70.84,84.54,256,256,4,gemm_f32_mr4_nr24_kc256_mc256_nc1024_pf0_u1,1024,24,0,0,80.36465151562167,228.8,1
f32,3.335815564474859e-07,67.47,64.88,47.06,256,256,2,gemm_f32_mr2_nr32_kc256_mc256_nc1024_pf0_u1,1024,32,0,0,59.06070039557451,229.5,1
f32,3.335815564474859e-07,82.65,76.48,86.07,256,256,6,gemm_f32_mr6_nr16_kc256_mc256_nc1024_pf4_u1,1024,16,0,4,81.63781395640694,230.2,1
f32,3.335815564474859e-07,68.72,69.72,73.02,256,256,6,gemm_f32_mr6_nr16_kc256_mc256_nc1024_pf0_u2,1024,16,0,0,70.46324203959381,231.0,2
f32,3.335815564474859e-07,69.51,69.3,72.34,256,256,6,gemm_f32_mr6_nr16_kc256_mc256_nc1024_pf4_u2,1024,16,0,4,70.3702196460737,231.8,2
f32,3.335815564474859e-07,57.12,57.6,61.17,256,256,6,gemm_f32_mr6_nr16_kc256_mc256_nc1024_pf0_u4,1024,16,0,0,58.602260777099204,232.7,4
f32,3.335815564474859e-07,57.58,55.32,59.55,256,256,6,gemm_f32_mr6_nr16_kc256_mc256_nc1024_pf4_u4,1024,16,0,4,57.45731899199431,233.5,4
f32,3.335815564474859e-07,78.11,73.72,82.88,256,256,4,gemm_f32_mr4_nr24_kc256_mc256_nc1024_pf4_u1,1024,24,0,4,78.14690591826762,234.2,1
f32,3.335815564474859e-07,65.63,60.28,65.9,256,256,4,gemm_f32_mr4_nr24_kc256_mc256_nc1024_pf0_u2,1024,24,0,0,63.88394908227913,235.0,2
f32,3.335815564474859e-07,65.18,63.31,67.89,256,256,4,gemm_f32_mr4_nr24_kc256_mc256_nc1024_pf4_u2,1024,24,0,4,65.4339682915852,235.7,2
f32,3.335815564474859e-07,59.08,52.02,59.17,256,256,4,gemm_f32_mr4_nr24_kc256_mc256_nc1024_pf0_u4,1024,24,0,0,56.65576749705874,236.5,4
f32,3.335815564474859e-07,60.18,55.74,60.36,256,256,4,gemm_f32_mr4_nr24_kc256_mc256_nc1024_pf4_u4,1024,24,0,4,58.72238265645388,237.3,4
f32,3.335815564474859e-07,73.83,64.67,74.71,256,256,3,gemm_f32_mr3_nr24_kc256_mc256_nc1024_pf4_u1,1024,24,0,4,70.92125406590148,238.0,1
f32,3.335815564474859e-07,72.66,64.36,71.87,256,256,3,gemm_f32_mr3_nr24_kc256_mc256_nc1024_pf0_u2,1024,24,0,0,69.52862149981127,238.7,2
f32,3.335815564474859e-07,72.01,66.66,74.06,256,256,3,gemm_f32_mr3_nr24_kc256_mc256_nc1024_pf4_u2,1024,24,0,4,70.83951506991933,239.4,2
f32,3.335815564474859e-07,67.08,63.67,69.31,256,256,3,gemm_f32_mr3_nr24_kc256_mc256_nc1024_pf0_u4,1024,24,0,0,66.64351069308623,240.2,4
f32,3.335815564474859e-07,69.84,65.8,69.66,256,256,3,gemm_f32_mr3_nr24_kc256_mc256_nc1024_pf4_u4,1024,24,0,4,68.40787036166489,240.9,4
f32,3.335815564474859e-07,72.13,68.6,73.3,256,256,4,gemm_f32_mr4_nr16_kc256_mc256_nc1024_pf4_u1,1024,16,0,4,71.31550485755227,241.6,1
f32,3.335815564474859e-07,73.5,70.27,76.92,256,256,4,gemm_f32_mr4_nr16_kc256_mc256_nc1024_pf0_u2,1024,16,0,0,73.5147919671903,242.4,2
f32,3.335815564474859e-07,72.52,73.68,75.8,256,256,4,gemm_f32_mr4_nr16_kc256_mc256_nc1024_pf4_u2,1024,16,0,4,73.99013392932568,243.1,2
f32,3.335815564474859e-07,70.29,67.59,74.1,256,256,4,gemm_f32_mr4_nr16_kc256_mc256_nc1024_pf0_u4,1024,16,0,0,70.61144224905892,243.9,4
f32,3.335815564474859e-07,68.13,67.1,71.45,256,256,4,gemm_f32_mr4_nr16_kc256_mc256_nc1024_pf4_u4,1024,16,0,4,68.87248176413918,244.7,4
f32,2.888957430453507e-07,72.92,76.39,76.14,64,64,6,gemm_f32_mr6_nr16_kc64_mc64_nc256_pf4_u1,256,16,0,4,75.13396373516929,245.5,1
f32,2.888957430453507e-07,75.68,79.0,76.0,64,64,6,gemm_f32_mr6_nr16_kc64_mc64_nc512_pf4_u1,512,16,0,4,76.87596074705961,246.3,1
f32,2.888957430453507e-07,78.75,81.4,77.14,64,64,6,gemm_f32_mr6_nr16_kc64_mc64_nc1024_pf4_u1,1024,16,0,4,79.07736955630064,247.0,1
f32,2.888957430453507e-07,79.07,76.06,81.07,64,64,6,gemm_f32_mr6_nr16_kc64_mc64_nc2048_pf4_u1,2048,16,0,4,78.70644357862491,247.7,1
f32,2.888957430453507e-07,70.51,83.46,80.68,64,128,6,gemm_f32_mr6_nr16_kc64_mc128_nc256_pf4_u1,256,16,0,4,78.0123544582982,248.5,1
f32,2.888957430453507e-07,73.16,78.16,80.91,64,128,6,gemm_f32_mr6_nr16_kc64_mc128_nc512_pf4_u1,512,16,0,4,77.34184505073088,249.2,1
f32,2.888957430453507e-07,78.64,81.03,83.49,64,128,6,gemm_f32_mr6_nr16_kc64_mc128_nc1024_pf4_u1,1024,16,0,4,81.02761194275129,249.9,1
f32,2.888957430453507e-07,77.5,78.96,82.91,64,128,6,gemm_f32_mr6_nr16_kc64_mc128_nc2048_pf4_u1,2048,16,0,4,79.75984983070882,250.6,1
f32,2.888957430453507e-07,71.97,77.48,82.42,64,256,6,gemm_f32_mr6_nr16_kc64_mc256_nc256_pf4_u1,256,16,0,4,77.16774274629442,251.3,1
f32,2.888957430453507e-07,74.2,80.29,83.38,64,256,6,gemm_f32_mr6_nr16_kc64_mc256_nc512_pf4_u1,512,16,0,4,79.19570334777585,252.0,1
f32,2.888957430453507e-07,76.09,84.05,83.16,64,256,6,gemm_f32_mr6_nr16_kc64_mc256_nc1024_pf4_u1,1024,16,0,4,81.01789631059704,252.8,1
f32,2.888957430453507e-07,77.71,81.33,78.36,64,256,6,gemm_f32_mr6_nr16_kc64_mc256_nc2048_pf4_u1,2048,16,0,4,79.11485524274619,253.5,1
f32,2.888957430453507e-07,68.77,79.1,78.94,64,512,6,gemm_f32_mr6_nr16_kc64_mc512_nc256_pf4_u1,256,16,0,4,75.44383675361891,254.2,1
f32,2.888957430453507e-07,72.07,80.62,83.63,64,512,6,gemm_f32_mr6_nr16_kc64_mc512_nc512_pf4_u1,512,16,0,4,78.61617156329227,254.9,1
f32,2.888957430453507e-07,74.01,78.0,78.06,64,512,6,gemm_f32_mr6_nr16_kc64_mc512_nc1024_pf4_u1,1024,16,0,4,76.66493329286682,255.7,1
f32,2.888957430453507e-07,75.06,81.6,78.69,64,512,6,gemm_f32_mr6_nr16_kc64_mc512_nc2048_pf4_u1,2048,16,0,4,78.40414809088588,256.4,1
f32,3.335815564474859e-07,79.17,79.5,81.31,128,64,6,gemm_f32_mr6_nr16_kc128_mc64_nc256_pf4_u1,256,16,0,4,79.98895049189846,257.1,1
f32,3.335815564474859e-07,81.84,79.02,82.33,128,64,6,gemm_f32_mr6_nr16_kc128_mc64_nc512_pf4_u1,512,16,0,4,81.05051034028813,257.8,1
f32,3.335815564474859e-07,80.88,76.22,77.93,128,64,6,gemm_f32_mr6_nr16_kc128_mc64_nc1024_pf4_u1,1024,16,0,4,78.31864674961533,258.5,1
f32,3.335815564474859e-07,82.63,81.72,80.57,128,64,6,gemm_f32_mr6_nr16_kc128_mc64_nc2048_pf4_u1,2048,16,0,4,81.63270968226533,259.3,1
f32,3.335815564474859e-07,72.77,82.34,78.52,128,128,6,gemm_f32_mr6_nr16_kc128_mc128_nc256_pf4_u1,256,16,0,4,77.77663365415825,260.0,1
f32,3.335815564474859e-07,75.15,79.11,81.2,128,128,6,gemm_f32_mr6_nr16_kc128_mc128_nc512_pf4_u1,512,16,0,4,78.4460573759681,260.7,1
f32,3.335815564474859e-07,73.81,81.9,80.89,128,128,6,gemm_f32_mr6_nr16_kc128_mc128_nc1024_pf4_u1,1024,16,0,4,78.78344057448466,261.5,1
f32,3.335815564474859e-07,76.75,81.53,81.14,128,128,6,gemm_f32_mr6_nr16_kc128_mc128_nc2048_pf4_u1,2048,16,0,4,79.77355787025066,262.2,1
f32,3.335815564474859e-07,75.98,82.1,80.42,128,256,6,gemm_f32_mr6_nr16_kc128_mc256_nc256_pf4_u1,256,16,0,4,79.45700942393717,262.9,1
f32,3.335815564474859e-07,76.08,81.78,79.91,128,256,6,gemm_f32_mr6_nr16_kc128_mc256_nc512_pf4_u1,512,16,0,4,79.22252446263707,263.6,1
f32,3.335815564474859e-07,75.71,71.1,79.87,128,256,6,gemm_f32_mr6_nr16_kc128_mc256_nc1024_pf4_u1,1024,16,0,4,75.47332955929794,264.4,1
f32,3.335815564474859e-07,76.5,83.05,78.88,128,256,6,gemm_f32_mr6_nr16_kc128_mc256_nc2048_pf4_u1,2048,16,0,4,79.43030770498738,265.1,1
f32,3.335815564474859e-07,74.24,74.22,79.6,128,512,6,gemm_f32_mr6_nr16_kc128_mc512_nc256_pf4_u1,256,16,0,4,75.98003841051612,265.8,1
f32,3.335815564474859e-07,75.05,74.42,80.9,128,512,6,gemm_f32_mr6_nr16_kc128_mc512_nc512_pf4_u1,512,16,0,4,76.73633597377678,266.5,1
f32,3.335815564474859e-07,75.27,78.79,80.6,128,512,6,gemm_f32_mr6_nr16_kc128_mc512_nc1024_pf4_u1,1024,16,0,4,78.18924002278811,267.3,1
f32,3.335815564474859e-07,70.35,77.95,77.86,128,512,6,gemm_f32_mr6_nr16_kc128_mc512_nc2048_pf4_u1,2048,16,0,4,75.2993816110895,268.0,1
f32,3.335815564474859e-07,79.69,80.97,78.91,192,64,6,gemm_f32_mr6_nr16_kc192_mc64_nc256_pf4_u1,256,16,0,4,79.85184330235671,268.7,1
f32,3.335815564474859e-07,80.79,78.7,79.63,192,64,6,gemm_f32_mr6_nr16_kc192_mc64_nc512_pf4_u1,512,16,0,4,79.70216194399751,269.5,1
f32,3.335815564474859e-07,81.61,76.42,78.92,192,64,6,gemm_f32_mr6_nr16_kc192_mc64_nc1024_pf4_u1,1024,16,0,4,78.95680639431261,270.2,1
f32,3.335815564474859e-07,80.77,78.83,78.48,192,64,6,gemm_f32_mr6_nr16_kc192_mc64_nc2048_pf4_u1,2048,16,0,4,79.35160993552314,270.9,1
f32,3.335815564474859e-07,74.1,76.78,77.04,192,128,6,gemm_f32_mr6_nr16_kc192_mc128_nc256_pf4_u1,256,16,0,4,75.96169531938826,271.7,1
f32,3.335815564474859e-07,74.6,79.01,82.0,192,128,6,gemm_f32_mr6_nr16_kc192_mc128_nc512_pf4_u1,512,16,0,4,78.47743171445514,272.4,1
f32,3.335815564474859e-07,73.43,73.96,75.61,192,128,6,gemm_f32_mr6_nr16_kc192_mc128_nc1024_pf4_u1,1024,16,0,4,74.32771715887739,273.2,1
f32,3.335815564474859e-07,74.74,79.38,80.04,192,128,6,gemm_f32_mr6_nr16_kc192_mc128_nc2048_pf4_u1,2048,16,0,4,78.01608248735835,273.9,1
f32,3.335815564474859e-07,75.26,77.12,81.7,192,256,6,gemm_f32_mr6_nr16_kc192_mc256_nc256_pf4_u1,256,16,0,4,77.98192829971951,274.7,1
f32,3.335815564474859e-07,75.07,83.86,81.32,192,256,6,gemm_f32_mr6_nr16_kc192_mc256_nc512_pf4_u1,512,16,0,4,79.99830993308785,275.4,1
f32,3.335815564474859e-07,77.27,75.82,80.25,192,256,6,gemm_f32_mr6_nr16_kc192_mc256_nc1024_pf4_u1,1024,16,0,4,77.75875392920389,276.1,1
f32,3.335815564474859e-07,77.9,83.78,81.98,192,256,6,gemm_f32_mr6_nr16_kc192_mc256_nc2048_pf4_u1,2048,16,0,4,81.18193558269859,276.8,1
f32,3.335815564474859e-07,75.29,78.04,81.61,192,512,6,gemm_f32_mr6_nr16_kc192_mc512_nc256_pf4_u1,256,16,0,4,78.26850876990866,277.6,1
f32,3.335815564474859e-07,74.36,77.44,79.92,192,512,6,gemm_f32_mr6_nr16_kc192_mc512_nc512_pf4_u1,512,16,0,4,77.20479301270029,278.3,1
f32,3.335815564474859e-07,75.13,77.9,57.2,192,512,6,gemm_f32_mr6_nr16_kc192_mc512_nc1024_pf4_u1,1024,16,0,4,69.43669108420717,279.1,1
f32,3.335815564474859e-07,53.74,76.88,75.96,192,512,6,gemm_f32_mr6_nr16_kc192_mc512_nc2048_pf4_u1,2048,16,0,4,67.9569375841273,279.9,1
f32,3.335815564474859e-07,78.99,78.09,79.14,256,64,6,gemm_f32_mr6_nr16_kc256_mc64_nc256_pf4_u1,256,16,0,4,78.73800337029023,280.6,1
f32,3.335815564474859e-07,80.16,76.54,79.09,256,64,6,gemm_f32_mr6_nr16_kc256_mc64_nc512_pf4_u1,512,16,0,4,78.5835793215516,281.3,1
f32,3.335815564474859e-07,81.38,76.2,81.68,256,64,6,gemm_f32_mr6_nr16_kc256_mc64_nc1024_pf4_u1,1024,16,0,4,79.71204610003257,282.1,1
f32,3.335815564474859e-07,82.05,81.03,78.94,256,64,6,gemm_f32_mr6_nr16_kc256_mc64_nc2048_pf4_u1,2048,16,0,4,80.66183321257276,282.8,1
f32,3.335815564474859e-07,75.15,77.41,79.9,256,128,6,gemm_f32_mr6_nr16_kc256_mc128_nc256_pf4_u1,256,16,0,4,77.46384643530268,283.6,1
f32,3.335815564474859e-07,74.18,74.14,77.94,256,128,6,gemm_f32_mr6_nr16_kc256_mc128_nc512_pf4_u1,512,16,0,4,75.40123703563867,284.3,1
f32,3.335815564474859e-07,75.17,72.73,78.67,256,128,6,gemm_f32_mr6_nr16_kc256_mc128_nc1024_pf4_u1,1024,16,0,4,75.48486991885574,285.0,1
f32,3.335815564474859e-07,75.47,74.48,76.87,256,128,6,gemm_f32_mr6_nr16_kc256_mc128_nc2048_pf4_u1,2048,16,0,4,75.6006370257082,285.8,1
f32,3.335815564474859e-07,74.99,73.07,75.34,256,256,6,gemm_f32_mr6_nr16_kc256_mc256_nc256_pf4_u1,256,16,0,4,74.45745601501737,286.5,1
f32,3.335815564474859e-07,75.33,73.81,80.02,256,256,6,gemm_f32_mr6_nr16_kc256_mc256_nc512_pf4_u1,512,16,0,4,76.34295483497323,287.3,1
f32,3.335815564474859e-07,77.36,70.69,79.23,256,256,6,gemm_f32_mr6_nr16_kc256_mc256_nc2048_pf4_u1,2048,16,0,4,75.6664012349478,288.0,1
f32,3.335815564474859e-07,71.52,70.85,78.63,256,512,6,gemm_f32_mr6_nr16_kc256_mc512_nc256_pf4_u1,256,16,0,4,73.5832871578826,288.8,1
f32,3.335815564474859e-07,74.29,76.31,80.32,256,512,6,gemm_f32_mr6_nr16_kc256_mc512_nc512_pf4_u1,512,16,0,4,76.93310733379931,289.5,1
f32,3.335815564474859e-07,75.73,76.07,79.49,256,512,6,gemm_f32_mr6_nr16_kc256_mc512_nc1024_pf4_u1,1024,16,0,4,77.07777973936815,290.2,1
f32,3.335815564474859e-07,76.31,76.68,77.92,256,512,6,gemm_f32_mr6_nr16_kc256_mc512_nc2048_pf4_u1,2048,16,0,4,76.97018877963276,291.0,1
f32,3.335815564474859e-07,79.93,75.47,80.2,384,64,6,gemm_f32_mr6_nr16_kc384_mc64_nc256_pf4_u1,256,16,0,4,78.50485397257887,291.7,1
f32,3.335815564474859e-07,81.46,74.16,80.74,384,64,6,gemm_f32_mr6_nr16_kc384_mc64_nc512_pf4_u1,512,16,0,4,78.71750669110126,292.4,1
f32,3.335815564474859e-07,82.66,76.77,80.48,384,64,6,gemm_f32_mr6_nr16_kc384_mc64_nc1024_pf4_u1,1024,16,0,4,79.93281238899527,293.1,1
f32,3.335815564474859e-07,83.33,76.0,79.43,384,64,6,gemm_f32_mr6_nr16_kc384_mc64_nc2048_pf4_u1,2048,16,0,4,79.52944357037549,293.9,1
f32,3.335815564474859e-07,75.36,71.87,78.47,384,128,6,gemm_f32_mr6_nr16_kc384_mc128_nc256_pf4_u1,256,16,0,4,75.18537185923371,294.6,1
f32,3.335815564474859e-07,77.75,72.02,78.98,384,128,6,gemm_f32_mr6_nr16_kc384_mc128_nc512_pf4_u1,512,16,0,4,76.18883768252307,295.3,1
f32,3.335815564474859e-07,80.9,76.9,78.58,384,128,6,gemm_f32_mr6_nr16_kc384_mc128_nc1024_pf4_u1,1024,16,0,4,78.7769013767609,296.0,1
f32,3.335815564474859e-07,80.27,73.54,78.48,384,128,6,gemm_f32_mr6_nr16_kc384_mc128_nc2048_pf4_u1,2048,16,0,4,77.37743236518335,296.8,1
f32,3.335815564474859e-07,77.64,74.51,77.74,384,256,6,gemm_f32_mr6_nr16_kc384_mc256_nc256_pf4_u1,256,16,0,4,76.6124181435195,297.5,1
f32,3.335815564474859e-07,79.29,74.82,79.49,384,256,6,gemm_f32_mr6_nr16_kc384_mc256_nc512_pf4_u1,512,16,0,4,77.8346295019002,298.2,1
f32,3.335815564474859e-07,81.89,75.55,80.32,384,256,6,gemm_f32_mr6_nr16_kc384_mc256_nc1024_pf4_u1,1024,16,0,4,79.2085919626674,298.9,1
f32,3.335815564474859e-07,80.78,71.71,79.65,384,256,6,gemm_f32_mr6_nr16_kc384_mc256_nc2048_pf4_u1,2048,16,0,4,77.27002657521895,299.7,1
f32,3.335815564474859e-07,76.03,70.51,76.23,384,512,6,gemm_f32_mr6_nr16_kc384_mc512_nc256_pf4_u1,256,16,0,4,74.21088231976289,300.4,1
f32,3.335815564474859e-07,78.85,74.29,76.56,384,512,6,gemm_f32_mr6_nr16_kc384_mc512_nc512_pf4_u1,512,16,0,4,76.5455761731474,301.1,1
f32,3.335815564474859e-07,79.03,74.5,77.18,384,512,6,gemm_f32_mr6_nr16_kc384_mc512_nc1024_pf4_u1,1024,16,0,4,76.87959614759801,301.8,1
f32,3.335815564474859e-07,82.02,77.95,76.56,384,512,6,gemm_f32_mr6_nr16_kc384_mc512_nc2048_pf4_u1,2048,16,0,4,78.81017766870971,302.6,1
f32,3.335815564474859e-07,78.91,76.06,79.88,512,64,6,gemm_f32_mr6_nr16_kc512_mc64_nc256_pf4_u1,256,16,0,4,78.26578282352521,303.3,1
f32,3.335815564474859e-07,82.27,77.71,78.29,512,64,6,gemm_f32_mr6_nr16_kc512_mc64_nc512_pf4_u1,512,16,0,4,79.39566180138597,304.0,1
f32,3.335815564474859e-07,81.1,81.3,77.03,512,64,6,gemm_f32_mr6_nr16_kc512_mc64_nc1024_pf4_u1,1024,16,0,4,79.78279893496867,304.8,1
f32,3.335815564474859e-07,80.9,75.7,78.96,512,64,6,gemm_f32_mr6_nr16_kc512_mc64_nc2048_pf4_u1,2048,16,0,4,78.49083042600645,305.5,1
f32,3.335815564474859e-07,74.71,74.0,79.44,512,128,6,gemm_f32_mr6_nr16_kc512_mc128_nc256_pf4_u1,256,16,0,4,76.00931864546152,306.2,1
f32,3.335815564474859e-07,77.48,74.7,77.61,512,128,6,gemm_f32_mr6_nr16_kc512_mc128_nc512_pf4_u1,512,16,0,4,76.58290823706069,307.0,1
f32,3.335815564474859e-07,77.72,72.33,78.36,512,128,6,gemm_f32_mr6_nr16_kc512_mc128_nc1024_pf4_u1,1024,16,0,4,76.08919366017923,307.7,1
f32,3.335815564474859e-07,77.71,71.81,77.41,512,128,6,gemm_f32_mr6_nr16_kc512_mc128_nc2048_pf4_u1,2048,16,0,4,75.59495794734019,308.4,1
f32,3.335815564474859e-07,75.09,74.58,78.98,512,256,6,gemm_f32_mr6_nr16_kc512_mc256_nc256_pf4_u1,256,16,0,4,76.19052646876267,309.2,1
f32,3.335815564474859e-07,79.75,74.01,79.98,512,256,6,gemm_f32_mr6_nr16_kc512_mc256_nc512_pf4_u1,512,16,0,4,77.86246532874131,309.9,1
f32,3.335815564474859e-07,79.35,73.56,80.71,512,256,6,gemm_f32_mr6_nr16_kc512_mc256_nc1024_pf4_u1,1024,16,0,4,77.80880816710014,310.7,1
f32,3.335815564474859e-07,80.5,76.84,79.16,512,256,6,gemm_f32_mr6_nr16_kc512_mc256_nc2048_pf4_u1,2048,16,0,4,78.81803521611594,311.4,1
f32,3.335815564474859e-07,76.55,71.8,76.58,512,512,6,gemm_f32_mr6_nr16_kc512_mc512_nc256_pf4_u1,256,16,0,4,74.94462290282618,312.1,1
f32,3.335815564474859e-07,79.69,74.79,78.42,512,512,6,gemm_f32_mr6_nr16_kc512_mc512_nc512_pf4_u1,512,16,0,4,77.6067541808885,313.0,1
f32,3.335815564474859e-07,77.84,76.34,75.98,512,512,6,gemm_f32_mr6_nr16_kc512_mc512_nc1024_pf4_u1,1024,16,0,4,76.71543302420288,313.8,1
f32,3.335815564474859e-07,76.89,76.52,78.5,512,512,6,gemm_f32_mr6_nr16_kc512_mc512_nc2048_pf4_u1,2048,16,0,4,77.30186876285359,314.5,1
f32,2.888957430453507e-07,70.75,74.93,76.37,64,64,4,gemm_f32_mr4_nr24_kc64_mc64_nc256_pf4_u1,256,24,0,4,73.98102295091765,315.2,1
f32,2.888957430453507e-07,77.23,77.15,79.77,64,64,4,gemm_f32_mr4_nr24_kc64_mc64_nc512_pf4_u1,512,24,0,4,78.04197552731146,315.9,1
f32,2.888957430453507e-07,81.22,75.46,76.58,64,64,4,gemm_f32_mr4_nr24_kc64_mc64_nc1024_pf4_u1,1024,24,0,4,77.71423800646043,316.6,1
f32,2.888957430453507e-07,80.76,72.29,77.3,64,64,4,gemm_f32_mr4_nr24_kc64_mc64_nc2048_pf4_u1,2048,24,0,4,76.70307418169645,317.2,1
f32,2.888957430453507e-07,64.28,78.84,75.56,64,128,4,gemm_f32_mr4_nr24_kc64_mc128_nc256_pf4_u1,256,24,0,4,72.6208986587489,318.0,1
f32,2.888957430453507e-07,67.37,77.29,78.64,64,128,4,gemm_f32_mr4_nr24_kc64_mc128_nc512_pf4_u1,512,24,0,4,74.26006921048412,318.7,1
f32,2.888957430453507e-07,74.32,76.29,76.99,64,128,4,gemm_f32_mr4_nr24_kc64_mc128_nc1024_pf4_u1,1024,24,0,4,75.85809816123047,319.4,1
f32,2.888957430453507e-07,75.85,77.26,79.45,64,128,4,gemm_f32_mr4_nr24_kc64_mc128_nc2048_pf4_u1,2048,24,0,4,77.5052184907992,320.1,1
f32,2.888957430453507e-07,65.13,77.15,76.47,64,256,4,gemm_f32_mr4_nr24_kc64_mc256_nc256_pf4_u1,256,24,0,4,72.69845739853879,320.8,1
f32,2.888957430453507e-07,70.35,78.33,75.08,64,256,4,gemm_f32_mr4_nr24_kc64_mc256_nc512_pf4_u1,512,24,0,4,74.51602157866436,321.5,1
f32,2.888957430453507e-07,76.27,75.75,76.71,64,256,4,gemm_f32_mr4_nr24_kc64_mc256_nc1024_pf4_u1,1024,24,0,4,76.24150750366806,322.2,1
f32,2.888957430453507e-07,75.94,73.21,74.5,64,256,4,gemm_f32_mr4_nr24_kc64_mc256_nc2048_pf4_u1,2048,24,0,4,74.54180016298365,322.9,1
f32,2.888957430453507e-07,63.6,41.85,57.1,64,512,4,gemm_f32_mr4_nr24_kc64_mc512_nc256_pf4_u1,256,24,0,4,53.36885017844685,323.6,1
f32,2.888957430453507e-07,67.56,73.08,73.25,64,512,4,gemm_f32_mr4_nr24_kc64_mc512_nc512_pf4_u1,512,24,0,4,71.24835241821226,324.3,1
f32,2.888957430453507e-07,70.14,72.29,74.46,64,512,4,gemm_f32_mr4_nr24_kc64_mc512_nc1024_pf4_u1,1024,24,0,4,72.27635676483098,325.0,1
f32,2.888957430453507e-07,71.61,75.83,75.69,64,512,4,gemm_f32_mr4_nr24_kc64_mc512_nc2048_pf4_u1,2048,24,0,4,74.3510865295768,325.7,1
f32,3.335815564474859e-07,77.32,72.75,78.02,128,64,4,gemm_f32_mr4_nr24_kc128_mc64_nc256_pf4_u1,256,24,0,4,75.99507824007472,326.4,1
f32,3.335815564474859e-07,81.12,74.84,79.29,128,64,4,gemm_f32_mr4_nr24_kc128_mc64_nc512_pf4_u1,512,24,0,4,78.36998887899274,327.1,1
f32,3.335815564474859e-07,82.44,75.5,78.9,128,64,4,gemm_f32_mr4_nr24_kc128_mc64_nc1024_pf4_u1,1024,24,0,4,78.8945146922067,327.7,1
f32,3.335815564474859e-07,82.14,74.98,80.88,128,64,4,gemm_f32_mr4_nr24_kc128_mc64_nc2048_pf4_u1,2048,24,0,4,79.27290103885504,328.5,1
f32,3.335815564474859e-07,74.56,78.35,80.77,128,128,4,gemm_f32_mr4_nr24_kc128_mc128_nc256_pf4_u1,256,24,0,4,77.85411626085984,329.2,1
f32,3.335815564474859e-07,75.46,75.21,82.2,128,128,4,gemm_f32_mr4_nr24_kc128_mc128_nc512_pf4_u1,512,24,0,4,77.55766569784458,329.9,1
f32,3.335815564474859e-07,80.77,79.18,82.57,128,128,4,gemm_f32_mr4_nr24_kc128_mc128_nc1024_pf4_u1,1024,24,0,4,80.82660867114488,330.6,1
f32,3.335815564474859e-07,76.61,76.42,80.0,128,128,4,gemm_f32_mr4_nr24_kc128_mc128_nc2048_pf4_u1,2048,24,0,4,77.6597201782039,331.3,1
f32,3.335815564474859e-07,75.9,81.7,81.29,128,256,4,gemm_f32_mr4_nr24_kc128_mc256_nc256_pf4_u1,256,24,0,4,79.58182950003768,331.9,1
f32,3.335815564474859e-07,78.19,79.93,81.37,128,256,4,gemm_f32_mr4_nr24_kc128_mc256_nc512_pf4_u1,512,24,0,4,79.81872084333322,332.6,1
f32,3.335815564474859e-07,80.01,81.87,81.42,128,256,4,gemm_f32_mr4_nr24_kc128_mc256_nc1024_pf4_u1,1024,24,0,4,81.0949102150881,333.3,1
f32,3.335815564474859e-07,82.49,75.81,82.06,128,256,4,gemm_f32_mr4_nr24_kc128_mc256_nc2048_pf4_u1,2048,24,0,4,80.06007853430654,333.9,1
f32,3.335815564474859e-07,76.35,78.14,79.24,128,512,4,gemm_f32_mr4_nr24_kc128_mc512_nc256_pf4_u1,256,24,0,4,77.90124240683633,334.6,1
f32,3.335815564474859e-07,70.11,66.23,77.74,128,512,4,gemm_f32_mr4_nr24_kc128_mc512_nc512_pf4_u1,512,24,0,4,71.20126014090617,335.3,1
f32,3.335815564474859e-07,69.08,62.32,77.04,128,512,4,gemm_f32_mr4_nr24_kc128_mc512_nc1024_pf4_u1,1024,24,0,4,69.22092291244867,336.1,1
f32,3.335815564474859e-07,68.92,76.26,78.97,128,512,4,gemm_f32_mr4_nr24_kc128_mc512_nc2048_pf4_u1,2048,24,0,4,74.59261338621677,336.8,1
f32,3.335815564474859e-07,79.51,75.09,80.76,192,64,4,gemm_f32_mr4_nr24_kc192_mc64_nc256_pf4_u1,256,24,0,4,78.41426467939306,337.5,1
f32,3.335815564474859e-07,82.07,75.42,80.97,192,64,4,gemm_f32_mr4_nr24_kc192_mc64_nc512_pf4_u1,512,24,0,4,79.43263591619151,338.1,1
f32,3.335815564474859e-07,84.47,66.93,79.27,192,64,4,gemm_f32_mr4_nr24_kc192_mc64_nc1024_pf4_u1,1024,24,0,4,76.52510813576292,338.8,1
f32,3.335815564474859e-07,83.86,73.59,80.68,192,64,4,gemm_f32_mr4_nr24_kc192_mc64_nc2048_pf4_u1,2048,24,0,4,79.25665566398419,339.5,1
f32,3.335815564474859e-07,70.49,78.4,79.29,192,128,4,gemm_f32_mr4_nr24_kc192_mc128_nc256_pf4_u1,256,24,0,4,75.95499587649631,340.2,1
f32,3.335815564474859e-07,73.86,76.28,81.86,192,128,4,gemm_f32_mr4_nr24_kc192_mc128_nc512_pf4_u1,512,24,0,4,77.2613707006371,340.9,1
f32,3.335815564474859e-07,71.16,74.56,81.81,192,128,4,gemm_f32_mr4_nr24_kc192_mc128_nc1024_pf4_u1,1024,24,0,4,75.71088787198573,341.6,1
f32,3.335815564474859e-07,72.66,78.26,82.06,192,128,4,gemm_f32_mr4_nr24_kc192_mc128_nc2048_pf4_u1,2048,24,0,4,77.56194790255982,342.3,1
f32,3.335815564474859e-07,75.67,75.31,79.86,192,256,4,gemm_f32_mr4_nr24_kc192_mc256_nc256_pf4_u1,256,24,0,4,76.9218703073058,342.9,1
f32,3.335815564474859e-07,68.47,74.92,75.93,192,256,4,gemm_f32_mr4_nr24_kc192_mc256_nc512_pf4_u1,512,24,0,4,73.03265156187364,343.6,1
f32,3.335815564474859e-07,70.39,75.08,79.76,192,256,4,gemm_f32_mr4_nr24_kc192_mc256_nc1024_pf4_u1,1024,24,0,4,74.97769445922273,344.3,1
f32,3.335815564474859e-07,71.8,72.09,79.88,192,256,4,gemm_f32_mr4_nr24_kc192_mc256_nc2048_pf4_u1,2048,24,0,4,74.49828325770015,345.0,1
f32,3.335815564474859e-07,72.6,77.63,76.97,192,512,4,gemm_f32_mr4_nr24_kc192_mc512_nc256_pf4_u1,256,24,0,4,75.69975569152223,345.7,1
f32,3.335815564474859e-07,71.31,74.32,79.78,192,512,4,gemm_f32_mr4_nr24_kc192_mc512_nc512_pf4_u1,512,24,0,4,75.05560414359451,346.4,1
f32,3.335815564474859e-07,73.23,73.57,75.9,192,512,4,gemm_f32_mr4_nr24_kc192_mc512_nc1024_pf4_u1,1024,24,0,4,74.22294811208917,347.1,1
f32,3.335815564474859e-07,71.51,74.2,79.75,192,512,4,gemm_f32_mr4_nr24_kc192_mc512_nc2048_pf4_u1,2048,24,0,4,75.07742936132105,347.8,1
f32,3.335815564474859e-07,78.81,71.13,79.19,256,64,4,gemm_f32_mr4_nr24_kc256_mc64_nc256_pf4_u1,256,24,0,4,76.2847157651041,348.5,1
f32,3.335815564474859e-07,81.0,74.69,83.27,256,64,4,gemm_f32_mr4_nr24_kc256_mc64_nc512_pf4_u1,512,24,0,4,79.57097377824572,349.2,1
f32,3.335815564474859e-07,81.46,72.89,80.43,256,64,4,gemm_f32_mr4_nr24_kc256_mc64_nc1024_pf4_u1,1024,24,0,4,78.16137094059037,349.9,1
f32,3.335815564474859e-07,79.8,73.91,80.5,256,64,4,gemm_f32_mr4_nr24_kc256_mc64_nc2048_pf4_u1,2048,24,0,4,78.01324406246728,350.5,1
f32,3.335815564474859e-07,72.39,71.58,78.29,256,128,4,gemm_f32_mr4_nr24_kc256_mc128_nc256_pf4_u1,256,24,0,4,74.02772172732196,351.2,1
f32,3.335815564474859e-07,73.83,78.74,81.77,256,128,4,gemm_f32_mr4_nr24_kc256_mc128_nc512_pf4_u1,512,24,0,4,78.04473963868277,351.9,1
f32,3.335815564474859e-07,75.19,72.9,79.13,256,128,4,gemm_f32_mr4_nr24_kc256_mc128_nc1024_pf4_u1,1024,24,0,4,75.69710229823674,352.6,1
f32,3.335815564474859e-07,74.63,71.74,80.42,256,128,4,gemm_f32_mr4_nr24_kc256_mc128_nc2048_pf4_u1,2048,24,0,4,75.51618186899933,353.3,1
f32,3.335815564474859e-07,71.82,74.12,79.07,256,256,4,gemm_f32_mr4_nr24_kc256_mc256_nc256_pf4_u1,256,24,0,4,74.94258376119262,354.0,1
f32,3.335815564474859e-07,74.07,74.37,80.06,256,256,4,gemm_f32_mr4_nr24_kc256_mc256_nc512_pf4_u1,512,24,0,4,76.11554501107591,354.6,1
f32,3.335815564474859e-07,75.75,67.26,74.52,256,256,4,gemm_f32_mr4_nr24_kc256_mc256_nc2048_pf4_u1,2048,24,0,4,72.41046978418932,355.3,1
f32,3.335815564474859e-07,74.81,73.83,80.2,256,512,4,gemm_f32_mr4_nr24_kc256_mc512_nc256_pf4_u1,256,24,0,4,76.22966187690791,356.0,1
f32,3.335815564474859e-07,73.35,70.73,80.21,256,512,4,gemm_f32_mr4_nr24_kc256_mc512_nc512_pf4_u1,512,24,0,4,74.6601160214333,356.7,1
f32,3.335815564474859e-07,75.97,68.78,78.85,256,512,4,gemm_f32_mr4_nr24_kc256_mc512_nc1024_pf4_u1,1024,24,0,4,74.41011691749868,357.4,1
f32,3.335815564474859e-07,76.65,71.97,78.5,256,512,4,gemm_f32_mr4_nr24_kc256_mc512_nc2048_pf4_u1,2048,24,0,4,75.65435631196002,358.1,1
f32,3.335815564474859e-07,78.97,75.06,81.59,384,64,4,gemm_f32_mr4_nr24_kc384_mc64_nc256_pf4_u1,256,24,0,4,78.49461016399687,358.8,1
f32,3.335815564474859e-07,81.18,73.22,81.49,384,64,4,gemm_f32_mr4_nr24_kc384_mc64_nc512_pf4_u1,512,24,0,4,78.53481248830161,359.4,1
f32,3.335815564474859e-07,84.2,78.17,86.2,384,64,4,gemm_f32_mr4_nr24_kc384_mc64_nc1024_pf4_u1,1024,24,0,4,82.78439847280076,360.1,1
f32,3.335815564474859e-07,85.41,78.65,83.86,384,64,4,gemm_f32_mr4_nr24_kc384_mc64_nc2048_pf4_u1,2048,24,0,4,82.59012754680366,360.8,1
f32,3.335815564474859e-07,77.79,78.13,78.73,384,128,4,gemm_f32_mr4_nr24_kc384_mc128_nc256_pf4_u1,256,24,0,4,78.21274157011375,361.4,1
f32,3.335815564474859e-07,78.04,77.1,80.24,384,128,4,gemm_f32_mr4_nr24_kc384_mc128_nc512_pf4_u1,512,24,0,4,78.44847057884857,362.1,1
f32,3.335815564474859e-07,83.11,76.61,79.55,384,128,4,gemm_f32_mr4_nr24_kc384_mc128_nc1024_pf4_u1,1024,24,0,4,79.70934847513145,362.8,1
f32,3.335815564474859e-07,79.29,72.88,79.67,384,128,4,gemm_f32_mr4_nr24_kc384_mc128_nc2048_pf4_u1,2048,24,0,4,77.21518518722024,363.5,1
f32,3.335815564474859e-07,77.51,74.39,79.29,384,256,4,gemm_f32_mr4_nr24_kc384_mc256_nc256_pf4_u1,256,24,0,4,77.03564500229741,364.2,1
f32,3.335815564474859e-07,79.56,75.32,80.78,384,256,4,gemm_f32_mr4_nr24_kc384_mc256_nc512_pf4_u1,512,24,0,4,78.51918477594968,364.8,1
f32,3.335815564474859e-07,82.96,74.71,81.93,384,256,4,gemm_f32_mr4_nr24_kc384_mc256_nc1024_pf4_u1,1024,24,0,4,79.7835019392528,365.5,1
f32,3.335815564474859e-07,79.07,74.49,81.86,384,256,4,gemm_f32_mr4_nr24_kc384_mc256_nc2048_pf4_u1,2048,24,0,4,78.41409039060642,366.2,1
f32,3.335815564474859e-07,80.67,77.23,80.68,384,512,4,gemm_f32_mr4_nr24_kc384_mc512_nc256_pf4_u1,256,24,0,4,79.51177237066987,366.9,1
f32,3.335815564474859e-07,83.13,75.85,85.16,384,512,4,gemm_f32_mr4_nr24_kc384_mc512_nc512_pf4_u1,512,24,0,4,81.28141381519616,367.5,1
f32,3.335815564474859e-07,81.2,68.97,80.72,384,512,4,gemm_f32_mr4_nr24_kc384_mc512_nc1024_pf4_u1,1024,24,0,4,76.74628822859452,368.2,1
f32,3.335815564474859e-07,82.35,76.84,78.78,384,512,4,gemm_f32_mr4_nr24_kc384_mc512_nc2048_pf4_u1,2048,24,0,4,79.29252512457883,368.9,1
f32,3.335815564474859e-07,82.28,75.38,82.98,512,64,4,gemm_f32_mr4_nr24_kc512_mc64_nc256_pf4_u1,256,24,0,4,80.13749121399302,369.6,1
f32,3.335815564474859e-07,80.39,71.27,76.89,512,64,4,gemm_f32_mr4_nr24_kc512_mc64_nc512_pf4_u1,512,24,0,4,76.09167176526988,370.2,1
f32,3.335815564474859e-07,82.79,73.0,77.69,512,64,4,gemm_f32_mr4_nr24_kc512_mc64_nc1024_pf4_u1,1024,24,0,4,77.7252904449693,370.9,1
f32,3.335815564474859e-07,84.08,76.74,79.33,512,64,4,gemm_f32_mr4_nr24_kc512_mc64_nc2048_pf4_u1,2048,24,0,4,79.9915547996184,371.6,1
f32,3.335815564474859e-07,77.81,77.27,81.13,512,128,4,gemm_f32_mr4_nr24_kc512_mc128_nc256_pf4_u1,256,24,0,4,78.71977755452608,372.3,1
f32,3.335815564474859e-07,79.64,76.53,79.93,512,128,4,gemm_f32_mr4_nr24_kc512_mc128_nc512_pf4_u1,512,24,0,4,78.68756765782322,372.9,1
f32,3.335815564474859e-07,78.99,71.73,78.29,512,128,4,gemm_f32_mr4_nr24_kc512_mc128_nc1024_pf4_u1,1024,24,0,4,76.2612122394485,373.6,1
f32,3.335815564474859e-07,79.84,69.99,77.91,512,128,4,gemm_f32_mr4_nr24_kc512_mc128_nc2048_pf4_u1,2048,24,0,4,75.79292559070872,374.3,1
f32,3.335815564474859e-07,77.93,74.83,77.65,512,256,4,gemm_f32_mr4_nr24_kc512_mc256_nc256_pf4_u1,256,24,0,4,76.78815127015923,375.0,1
f32,3.335815564474859e-07,79.79,71.46,78.75,512,256,4,gemm_f32_mr4_nr24_kc512_mc256_nc512_pf4_u1,512,24,0,4,76.57731048674924,375.7,1
f32,3.335815564474859e-07,83.2,72.07,80.81,512,256,4,gemm_f32_mr4_nr24_kc512_mc256_nc1024_pf4_u1,1024,24,0,4,78.54161526750735,376.3,1
f32,3.335815564474859e-07,83.8,73.33,79.54,512,256,4,gemm_f32_mr4_nr24_kc512_mc256_nc2048_pf4_u1,2048,24,0,4,78.77084406369788,377.0,1
f32,3.335815564474859e-07,80.87,70.92,78.5,512,512,4,gemm_f32_mr4_nr24_kc512_mc512_nc256_pf4_u1,256,24,0,4,76.64099663262091,377.7,1
f32,3.335815564474859e-07,79.74,64.35,76.01,512,512,4,gemm_f32_mr4_nr24_kc512_mc512_nc512_pf4_u1,512,24,0,4,73.06231344306393,378.4,1
f32,3.335815564474859e-07,82.63,76.18,80.2,512,512,4,gemm_f32_mr4_nr24_kc512_mc512_nc1024_pf4_u1,1024,24,0,4,79.62467736961975,379.0,1
f32,3.335815564474859e-07,80.95,70.99,77.25,512,512,4,gemm_f32_mr4_nr24_kc512_mc512_nc2048_pf4_u1,2048,24,0,4,76.28664780460437,379.7,1
f32,3.335815564474859e-07,84.41,74.72,79.09,320,64,4,gemm_f32_mr4_nr24_kc320_mc64_nc1024_pf4_u1,1024,24,0,4,79.31021278995958,380.5,1
f32,3.335815564474859e-07,80.23,75.47,81.78,320,128,4,gemm_f32_mr4_nr24_kc320_mc128_nc1024_pf4_u1,1024,24,0,4,79.11599861764871,381.2,1
f32,3.335815564474859e-07,81.54,76.68,84.39,320,192,4,gemm_f32_mr4_nr24_kc320_mc192_nc1024_pf4_u1,1024,24,0,4,80.80846104065395,382.0,1
f32,3.335815564474859e-07,84.11,50.36,51.97,384,192,4,gemm_f32_mr4_nr24_kc384_mc192_nc1024_pf4_u1,1024,24,0,4,60.37957503028879,382.7,1
f32,3.335815564474859e-07,83.23,77.27,81.98,448,64,4,gemm_f32_mr4_nr24_kc448_mc64_nc1024_pf4_u1,1024,24,0,4,80.78523289635154,383.5,1
f32,3.335815564474859e-07,82.64,74.99,80.27,448,128,4,gemm_f32_mr4_nr24_kc448_mc128_nc1024_pf4_u1,1024,24,0,4,79.23603797110674,384.2,1
f32,3.335815564474859e-07,81.69,72.88,78.7,448,192,4,gemm_f32_mr4_nr24_kc448_mc192_nc1024_pf4_u1,1024,24,0,4,77.66793265261092,384.9,1
f32,3.335815564474859e-07,83.3,76.74,82.37,512,192,4,gemm_f32_mr4_nr24_kc512_mc192_nc1024_pf4_u1,1024,24,0,4,80.75018925968351,385.7,1
f32,3.335815564474859e-07,82.19,80.78,81.7,320,64,4,gemm_f32_mr4_nr24_kc320_mc64_nc2048_pf4_u1,2048,24,0,4,81.55547767170494,386.4,1
f32,3.335815564474859e-07,82.65,80.69,85.54,320,128,4,gemm_f32_mr4_nr24_kc320_mc128_nc2048_pf4_u1,2048,24,0,4,82.93870732315425,387.1,1
f32,3.335815564474859e-07,82.81,76.66,84.36,320,192,4,gemm_f32_mr4_nr24_kc320_mc192_nc2048_pf4_u1,2048,24,0,4,81.2067068395954,387.9,1
f32,3.335815564474859e-07,86.74,79.95,84.99,384,192,4,gemm_f32_mr4_nr24_kc384_mc192_nc2048_pf4_u1,2048,24,0,4,83.84558211211471,388.6,1
f32,3.335815564474859e-07,83.02,81.62,82.19,448,64,4,gemm_f32_mr4_nr24_kc448_mc64_nc2048_pf4_u1,2048,24,0,4,82.2745925001403,389.3,1
f32,3.335815564474859e-07,81.76,76.09,82.85,448,128,4,gemm_f32_mr4_nr24_kc448_mc128_nc2048_pf4_u1,2048,24,0,4,80.17908750097384,390.0,1
f32,3.335815564474859e-07,86.07,75.69,79.98,448,192,4,gemm_f32_mr4_nr24_kc448_mc192_nc2048_pf4_u1,2048,24,0,4,80.46826567330439,390.8,1
f32,3.335815564474859e-07,85.73,74.52,85.0,512,192,4,gemm_f32_mr4_nr24_kc512_mc192_nc2048_pf4_u1,2048,24,0,4,81.58649494779006,391.5,1
