dtype,m,k,n,gf_legacy,gf_pack,gf_dot,best
f64,1,512,1,0.305,0.079,0.433,dot
f64,1,512,4,0.933,0.301,1.416,dot
f64,1,512,10,1.685,0.697,2.223,dot
f64,1,512,16,2.2,0.759,2.973,dot
f64,1,512,32,3.057,1.526,3.948,dot
f64,1,512,48,3.152,1.39,4.078,dot
f64,1,512,64,3.479,1.819,6.907,dot
f64,1,512,96,3.433,2.225,7.867,dot
f64,1,512,128,3.816,1.894,4.735,dot
f64,1,512,256,4.377,1.82,6.51,dot
f64,1,512,512,5.42,1.604,5.637,dot
f64,2,512,1,0.58,0.16,0.66,dot
f64,2,512,4,1.578,0.635,2.204,dot
f64,2,512,10,2.561,1.475,3.216,dot
f64,2,512,16,2.801,1.551,3.772,dot
f64,2,512,32,3.515,2.221,4.329,dot
f64,2,512,48,7.208,2.787,4.389,legacy
f64,2,512,64,3.573,2.499,4.635,dot
f64,2,512,96,3.745,4.402,4.705,dot
f64,2,512,128,4.841,4.091,4.855,dot
f64,2,512,256,7.491,3.157,6.815,legacy
f64,2,512,512,6.634,3.061,7.977,dot
f64,4,512,1,1.044,0.328,1.06,dot
f64,4,512,4,3.168,1.259,3.385,dot
f64,4,512,10,5.281,2.985,5.051,legacy
f64,4,512,16,6.121,3.17,6.413,dot
f64,4,512,32,7.365,4.54,7.52,dot
f64,4,512,48,7.865,5.732,7.83,legacy
f64,4,512,64,8.108,6.176,8.059,legacy
f64,4,512,96,9.821,8.93,8.259,legacy
f64,4,512,128,12.903,7.941,8.416,legacy
f64,4,512,256,19.327,6.765,17.356,legacy
f64,4,512,512,17.272,6.477,15.591,legacy
f64,8,512,1,2.052,0.479,1.607,legacy
f64,8,512,4,6.874,1.87,4.45,legacy
f64,8,512,10,6.556,6.293,9.859,dot
f64,8,512,16,15.268,4.457,7.178,legacy
f64,8,512,32,8.132,6.284,7.939,legacy
f64,8,512,48,13.096,10.113,8.236,legacy
f64,8,512,64,9.975,11.702,8.305,pack
f64,8,512,96,23.041,12.651,19.609,legacy
f64,8,512,128,24.328,13.177,19.249,legacy
f64,8,512,256,20.601,11.94,18.152,legacy
f64,8,512,512,18.599,11.206,17.622,legacy
f64,16,512,1,3.075,0.61,1.994,legacy
f64,16,512,4,6.253,2.411,7.266,dot
f64,16,512,10,7.628,5.911,6.025,legacy
f64,16,512,16,16.172,8.916,9.073,legacy
f64,16,512,32,13.021,7.943,9.955,legacy
f64,16,512,48,24.228,15.298,15.52,legacy
f64,16,512,64,22.517,17.448,27.299,dot
f64,16,512,96,25.29,20.226,28.003,dot
f64,16,512,128,23.519,20.586,27.849,dot
f64,16,512,256,23.33,19.781,28.225,dot
f64,16,256,512,23.973,21.115,28.533,dot
f64,24,512,1,3.874,0.675,4.129,dot
f64,24,512,4,12.874,2.672,18.357,dot
f64,24,512,10,8.006,6.561,6.85,legacy
f64,24,512,16,16.261,12.497,10.777,legacy
f64,24,512,32,13.045,9.459,14.531,dot
f64,24,512,48,24.809,21.303,27.951,dot
f64,24,512,64,24.387,20.569,32.288,dot
f64,24,512,96,25.682,24.007,33.367,dot
f64,24,512,128,26.385,25.225,35.435,dot
f64,24,256,256,26.424,27.409,32.12,dot
f64,24,256,512,24.097,25.802,36.065,dot
f64,32,512,1,4.697,0.714,2.324,legacy
f64,32,512,4,7.371,2.83,8.175,dot
f64,32,512,10,8.312,6.975,6.375,legacy
f64,32,512,16,21.022,10.999,9.408,legacy
f64,32,512,32,10.614,20.137,20.178,dot
f64,32,512,48,25.062,24.851,27.244,dot
f64,32,512,64,25.608,23.589,28.176,dot
f64,32,512,96,23.936,29.927,30.246,dot
f64,32,512,128,26.13,28.147,33.128,dot
f64,32,256,256,23.115,30.619,26.596,pack
f64,32,256,512,26.384,28.468,31.572,dot
f64,48,512,1,5.43,1.139,2.493,legacy
f64,48,512,4,7.684,3.501,10.286,dot
f64,48,512,10,8.524,7.43,9.598,dot
f64,48,512,16,9.392,14.206,11.285,pack
f64,48,512,32,22.927,22.422,32.583,dot
f64,48,512,48,25.717,27.375,34.596,dot
f64,48,512,64,25.981,28.166,38.12,dot
f64,48,256,96,26.876,35.177,31.584,pack
f64,48,256,128,27.136,34.136,32.914,pack
f64,48,256,256,24.337,34.17,39.267,dot
f64,48,256,512,25.383,32.794,33.971,dot
f64,64,512,1,6.083,0.77,2.558,legacy
f64,64,512,4,7.981,6.227,10.157,dot
f64,64,512,10,13.199,15.069,12.293,pack
f64,64,512,16,23.671,16.361,13.831,legacy
f64,64,512,32,25.387,23.386,32.762,dot
f64,64,512,48,25.988,31.403,35.263,dot
f64,64,512,64,25.757,30.589,39.233,dot
f64,64,256,96,26.053,37.928,30.267,pack
f64,64,256,128,27.17,35.557,36.797,dot
f64,64,256,256,27.249,35.636,38.131,dot
f64,64,256,512,21.749,34.173,29.636,pack
f64,96,512,1,6.65,1.543,2.633,legacy
f64,96,512,4,18.955,7.208,10.852,legacy
f64,96,512,10,20.715,17.857,18.646,legacy
f64,96,512,16,24.869,17.621,17.172,legacy
f64,96,512,32,26.207,28.833,35.751,dot
f64,96,256,48,26.767,36.981,33.426,pack
f64,96,256,64,25.908,33.719,35.97,dot
f64,96,256,96,27.358,38.332,40.92,dot
f64,96,256,128,23.627,37.781,42.359,dot
f64,96,256,256,26.888,36.805,42.094,dot
f64,96,256,512,25.494,37.696,34.651,pack
f64,128,512,1,6.933,1.843,2.672,legacy
f64,128,512,4,10.998,7.383,10.556,legacy
f64,128,512,10,24.421,18.234,14.299,legacy
f64,128,512,16,22.63,20.293,32.299,dot
f64,128,512,32,26.036,30.769,37.652,dot
f64,128,256,48,26.973,38.154,32.637,pack
f64,128,256,64,27.276,34.856,36.793,dot
f64,128,256,96,27.278,40.581,39.521,pack
f64,128,256,128,26.963,38.89,39.633,dot
f64,128,256,256,26.776,37.678,38.769,dot
f64,128,256,512,23.437,36.308,32.207,pack
f64,256,512,1,7.01,1.981,5.162,legacy
f64,256,512,4,18.834,8.276,27.76,dot
f64,256,512,10,22.386,20.088,19.759,legacy
f64,256,512,16,24.32,21.9,35.039,dot
f64,256,256,32,24.326,33.469,38.513,dot
f64,256,256,48,25.64,38.993,35.543,pack
f64,256,256,64,24.052,36.714,40.257,dot
f64,256,256,96,27.182,41.847,41.729,pack
f64,256,256,128,23.515,40.589,39.925,pack
f64,256,256,256,26.478,39.448,39.091,pack
f64,256,256,512,22.341,40.031,37.275,pack
f64,512,512,1,6.5,2.06,5.268,legacy
f64,512,512,4,14.635,8.388,19.78,dot
f64,512,256,10,20.634,20.143,18.6,legacy
f64,512,256,16,24.54,20.636,35.049,dot
f64,512,256,32,22.031,31.579,31.628,dot
f64,512,256,48,24.659,38.418,34.386,pack
f64,512,256,64,23.426,35.294,36.392,dot
f64,512,256,96,25.295,39.604,38.37,pack
f64,512,256,128,23.443,39.656,37.341,pack
f64,512,256,256,24.603,41.688,34.168,pack
f64,512,256,512,21.522,40.919,30.983,pack
f64,768,768,768,23.592,40.653,35.292,pack
f64,1024,768,1024,23.481,40.47,41.249,dot
f64,64,3072,768,16.582,32.093,25.301,pack
f64,512,16,512,13.186,39.754,17.246,pack
f64,2048,128,128,20.762,42.0,35.693,pack
f64,32,768,3072,20.26,23.126,27.364,dot
f32,1,512,1,0.346,0.075,0.415,dot
f32,1,512,4,1.198,0.282,1.504,dot
f32,1,512,10,2.305,0.679,3.107,dot
f32,1,512,16,3.215,0.981,4.415,dot
f32,1,512,32,4.75,1.339,5.84,dot
f32,1,512,48,5.376,2.193,6.732,dot
f32,1,512,64,5.959,1.914,7.795,dot
f32,1,512,96,6.345,2.459,8.308,dot
f32,1,512,128,7.195,2.206,8.493,dot
f32,1,512,256,7.292,3.282,9.018,dot
f32,1,512,512,10.338,3.461,9.807,legacy
f32,2,512,1,0.589,0.154,0.789,dot
f32,2,512,4,2.079,0.586,2.647,dot
f32,2,512,10,3.766,1.325,4.903,dot
f32,2,512,16,4.761,2.037,5.567,dot
f32,2,512,32,5.768,2.858,7.247,dot
f32,2,512,48,6.763,4.708,8.313,dot
f32,2,512,64,6.707,3.826,8.338,dot
f32,2,512,96,7.443,5.019,9.074,dot
f32,2,512,128,7.357,5.897,9.169,dot
f32,2,512,256,8.646,7.226,11.946,dot
f32,2,512,512,17.849,6.855,17.519,legacy
f32,4,512,1,1.146,0.301,1.448,dot
f32,4,512,4,3.116,1.156,6.838,dot
f32,4,512,10,7.613,2.583,7.625,dot
f32,4,512,16,5.703,4.063,10.002,dot
f32,4,512,32,7.021,5.387,24.282,dot
f32,4,512,48,7.194,11.747,13.767,dot
f32,4,512,64,7.718,7.804,14.76,dot
f32,4,512,96,7.669,9.933,15.142,dot
f32,4,512,128,10.471,8.855,15.658,dot
f32,4,512,256,15.652,13.713,18.949,dot
f32,4,512,512,19.443,12.795,35.515,dot
f32,8,512,1,2.216,0.445,2.197,legacy
f32,8,512,4,7.148,1.728,6.808,legacy
f32,8,512,10,10.843,4.107,8.066,legacy
f32,8,512,16,12.713,6.249,12.604,legacy
f32,8,512,32,31.504,7.933,27.69,legacy
f32,8,512,48,16.689,12.942,15.134,legacy
f32,8,512,64,17.15,10.964,15.289,legacy
f32,8,512,96,17.82,15.111,15.931,legacy
f32,8,512,128,19.064,22.047,19.9,pack
f32,8,512,256,47.179,23.289,35.356,legacy
f32,8,512,512,47.674,22.222,37.52,legacy
f32,16,512,1,3.984,1.037,2.973,legacy
f32,16,512,4,10.016,2.228,19.332,dot
f32,16,512,10,13.575,5.436,17.056,dot
f32,16,512,16,15.418,8.49,15.771,dot
f32,16,512,32,17.148,19.395,17.967,pack
f32,16,512,48,17.846,16.456,18.625,dot
f32,16,512,64,18.149,21.331,19.103,pack
f32,16,512,96,33.127,37.075,35.149,pack
f32,16,512,128,54.252,33.292,52.21,legacy
f32,16,512,256,48.771,37.096,52.512,dot
f32,16,256,512,58.159,39.405,53.127,legacy
f32,24,512,1,5.073,0.675,3.733,legacy
f32,24,512,4,19.185,2.538,14.836,legacy
f32,24,512,10,34.086,6.176,30.446,legacy
f32,24,512,16,16.787,10.111,19.745,dot
f32,24,512,32,17.847,24.864,39.349,dot
f32,24,512,48,28.223,22.227,20.428,legacy
f32,24,512,64,40.291,32.505,20.886,legacy
f32,24,512,96,50.23,47.031,56.118,dot
f32,24,512,128,56.424,42.318,59.146,dot
f32,24,256,256,52.839,48.837,58.334,dot
f32,24,256,512,58.583,46.78,58.688,dot
f32,32,512,1,6.173,0.715,3.872,legacy
f32,32,512,4,13.015,2.701,14.45,dot
f32,32,512,10,16.117,6.45,11.715,legacy
f32,32,512,16,17.295,10.217,17.151,legacy
f32,32,512,32,18.122,17.245,17.999,legacy
f32,32,512,48,34.395,42.423,37.57,pack
f32,32,512,64,52.319,38.139,47.809,legacy
f32,32,512,96,55.673,50.033,47.465,legacy
f32,32,512,128,58.636,47.518,57.236,legacy
f32,32,256,256,58.009,56.669,54.3,legacy
f32,32,256,512,49.594,52.432,50.667,pack
f32,48,512,1,8.068,0.728,4.291,legacy
f32,48,512,4,27.517,3.651,17.817,legacy
f32,48,512,10,17.081,10.874,13.151,legacy
f32,48,512,16,17.87,11.589,20.764,dot
f32,48,512,32,36.756,32.266,33.53,legacy
f32,48,512,48,53.838,54.768,60.288,dot
f32,48,512,64,52.12,46.422,64.463,dot
f32,48,256,96,57.885,61.215,53.72,pack
f32,48,256,128,59.183,54.259,53.812,legacy
f32,48,256,256,53.909,62.588,64.493,dot
f32,48,256,512,52.176,62.368,60.918,pack
f32,64,512,1,9.436,1.386,4.496,legacy
f32,64,512,4,15.496,5.637,17.72,dot
f32,64,512,10,17.364,15.005,13.107,legacy
f32,64,512,16,17.996,24.413,47.282,dot
f32,64,512,32,54.436,33.538,52.763,legacy
f32,64,512,48,55.583,52.294,61.506,dot
f32,64,512,64,56.262,54.562,59.743,dot
f32,64,256,96,58.638,64.023,53.401,pack
f32,64,256,128,57.79,61.955,55.209,pack
f32,64,256,256,63.339,69.928,65.198,pack
f32,64,256,512,59.708,65.576,58.491,pack
f32,96,512,1,11.203,1.872,4.775,legacy
f32,96,512,4,16.321,7.524,19.779,dot
f32,96,512,10,21.31,14.475,16.895,legacy
f32,96,512,16,25.347,29.198,32.461,dot
f32,96,512,32,56.108,38.94,57.491,dot
f32,96,256,48,57.422,65.589,60.468,pack
f32,96,256,64,53.22,59.578,61.098,dot
f32,96,256,96,59.132,74.093,62.751,pack
f32,96,256,128,53.47,64.481,70.451,dot
f32,96,256,256,64.603,72.317,69.221,pack
f32,96,256,512,47.265,73.392,56.918,pack
f32,128,512,1,11.924,2.347,4.926,legacy
f32,128,512,4,16.95,9.044,24.034,dot
f32,128,512,10,47.481,22.296,30.257,legacy
f32,128,512,16,50.769,35.034,47.508,legacy
f32,128,512,32,57.626,44.21,62.068,dot
f32,128,256,48,56.796,60.262,57.245,pack
f32,128,256,64,58.672,59.707,66.87,dot
f32,128,256,96,61.743,76.954,67.778,pack
f32,128,256,128,52.563,67.874,67.12,pack
f32,128,256,256,63.149,74.409,62.686,pack
f32,128,256,512,47.013,74.759,54.514,pack
f32,256,512,1,14.103,2.468,5.125,legacy
f32,256,512,4,17.756,9.722,20.523,dot
f32,256,512,10,18.354,23.733,36.381,dot
f32,256,512,16,50.72,34.247,61.678,dot
f32,256,256,32,56.677,47.978,60.266,dot
f32,256,256,48,58.892,74.935,59.81,pack
f32,256,256,64,63.824,69.15,68.66,pack
f32,256,256,96,64.004,82.892,72.884,pack
f32,256,256,128,64.971,72.159,72.88,dot
f32,256,256,256,62.996,82.427,72.255,pack
f32,256,256,512,58.457,82.449,63.064,pack
f32,512,512,1,15.158,2.423,11.455,legacy
f32,512,512,4,21.064,9.713,53.082,dot
f32,512,256,10,48.517,25.593,38.623,legacy
f32,512,256,16,55.155,39.912,61.102,dot
f32,512,256,32,52.822,48.304,68.939,dot
f32,512,256,48,62.621,76.013,68.99,pack
f32,512,256,64,53.39,66.31,68.753,dot
f32,512,256,96,63.708,81.675,71.103,pack
f32,512,256,128,49.433,75.949,57.576,pack
f32,512,256,256,62.258,84.635,69.407,pack
f32,512,256,512,49.295,85.122,66.259,pack
f32,768,768,768,54.879,85.158,71.112,pack
f32,1024,768,1024,55.48,81.176,77.553,pack
f32,64,3072,768,41.023,65.049,59.383,pack
f32,512,16,512,16.639,73.461,16.186,pack
f32,2048,128,128,42.303,74.229,53.589,pack
f32,32,768,3072,47.437,52.448,52.527,dot
